-2.7708 3.7757
-2.7526 3.7401
-2.7350 3.7055
-2.7178 3.6718
-2.7010 3.6391
-2.6847 3.6072
-2.6688 3.5761
-2.6533 3.5458
-2.6382 3.5163
-2.6235 3.4875
-2.6091 3.4593
-2.5950 3.4319
-2.5813 3.4051
-2.5678 3.3789
-2.5547 3.3534
-2.5419 3.3284
-2.5293 3.3039
-2.5170 3.2800
-2.5050 3.2566
-2.4932 3.2336
-2.4817 3.2112
-2.4704 3.1892
-2.4593 3.1677
-2.4485 3.1466
-2.4378 3.1259
-2.4274 3.1056
-2.4171 3.0857
-2.4070 3.0662
-2.3972 3.0471
-2.3875 3.0283
-2.3780 3.0098
-2.3686 2.9917
-2.3594 2.9739
-2.3504 2.9565
-2.3415 2.9393
-2.3328 2.9224
-2.3242 2.9058
-2.3157 2.8895
-2.3074 2.8735
-2.2993 2.8577
-2.2912 2.8422
-2.2833 2.8269
-2.2755 2.8119
-2.2679 2.7971
-2.2603 2.7826
-2.2529 2.7682
-2.2455 2.7541
-2.2383 2.7402
-2.2312 2.7265
-2.2242 2.7130
-2.2173 2.6998
-2.2105 2.6867
-2.2037 2.6738
-2.1971 2.6610
-2.1906 2.6485
-2.1841 2.6361
-2.1778 2.6239
-2.1715 2.6119
-2.1653 2.6000
-2.1592 2.5883
-2.1532 2.5768
-2.1472 2.5654
-2.1414 2.5542
-2.1356 2.5431
-2.1298 2.5321
-2.1242 2.5213
-2.1186 2.5106
-2.1131 2.5001
-2.1076 2.4897
-2.1022 2.4794
-2.0969 2.4692
-2.0916 2.4592
-2.0864 2.4493
-2.0813 2.4395
-2.0762 2.4298
-2.0712 2.4202
-2.0662 2.4108
-2.0613 2.4014
-2.0565 2.3922
-2.0517 2.3831
-2.0469 2.3740
-2.0422 2.3651
-2.0376 2.3563
-2.0330 2.3475
-2.0284 2.3389
-2.0239 2.3304
-2.0195 2.3219
-2.0150 2.3136
-2.0107 2.3053
-2.0064 2.2971
-2.0021 2.2890
-1.9979 2.2810
-1.9937 2.2731
-1.9895 2.2652
-1.9854 2.2575
-1.9813 2.2498
-1.9773 2.2422
-1.9733 2.2347
-1.9694 2.2272
-1.9655 2.2198
-1.9616 2.2125
-1.9577 2.2053
-1.9539 2.1981
-1.9502 2.1910
-1.9464 2.1839
-1.9427 2.1770
-1.9391 2.1701
-1.9354 2.1632
-1.9318 2.1565
-1.9282 2.1497
-1.9247 2.1431
-1.9212 2.1365
-1.9177 2.1300
-1.9143 2.1235
-1.9109 2.1171
-1.9075 2.1107
-1.9041 2.1044
-1.9008 2.0982
-1.8975 2.0920
-1.8942 2.0859
-1.8909 2.0798
-1.8877 2.0737
-1.8845 2.0678
-1.8813 2.0618
-1.8782 2.0559
-1.8751 2.0501
-1.8720 2.0443
-1.8689 2.0386
-1.8659 2.0329
-1.8628 2.0273
-1.8598 2.0217
-1.8569 2.0161
-1.8539 2.0106
-1.8510 2.0052
-1.8481 1.9997
-1.8452 1.9944
-1.8423 1.9890
-1.8395 1.9837
-1.8366 1.9785
-1.8338 1.9733
-1.8311 1.9681
-1.8283 1.9630
-1.8255 1.9579
-1.8228 1.9528
-1.8201 1.9478
-1.8174 1.9428
-1.8148 1.9379
-1.8121 1.9330
-1.8095 1.9281
-1.8069 1.9233
-1.8043 1.9185
-1.8017 1.9137
-1.7992 1.9090
-1.7966 1.9043
-1.7941 1.8996
-1.7916 1.8950
-1.7891 1.8904
-1.7866 1.8859
-1.7842 1.8813
-1.7817 1.8768
-1.7793 1.8724
-1.7769 1.8679
-1.7745 1.8635
-1.7721 1.8591
-1.7698 1.8548
-1.7674 1.8505
-1.7651 1.8462
-1.7628 1.8419
-1.7605 1.8377
-1.7582 1.8335
-1.7559 1.8293
-1.7537 1.8252
-1.7514 1.8210
-1.7492 1.8169
-1.7470 1.8129
-1.7448 1.8088
-1.7426 1.8048
-1.7404 1.8008
-1.7382 1.7969
-1.7361 1.7929
-1.7339 1.7890
-1.7318 1.7851
-1.7297 1.7812
-1.7276 1.7774
-1.7255 1.7736
-1.7234 1.7698
-1.7214 1.7660
-1.7193 1.7622
-1.7173 1.7585
-1.7152 1.7548
-1.7132 1.7511
-1.7112 1.7475
-1.7092 1.7438
-1.7072 1.7402
-1.7052 1.7366
-1.7033 1.7330
-1.7013 1.7295
-1.6994 1.7260
-1.6974 1.7224
-1.6936 1.7155
-1.6898 1.7086
-1.6861 1.7018
-1.6823 1.6950
-1.6787 1.6884
-1.6750 1.6818
-1.6714 1.6753
-1.6679 1.6688
-1.6643 1.6625
-1.6608 1.6562
-1.6574 1.6499
-1.6540 1.6437
-1.6506 1.6376
-1.6472 1.6316
-1.6439 1.6256
-1.6406 1.6197
-1.6373 1.6138
-1.6341 1.6080
-1.6309 1.6022
-1.6277 1.5966
-1.6245 1.5909
-1.6214 1.5853
-1.6183 1.5798
-1.6153 1.5743
-1.6122 1.5689
-1.6092 1.5635
-1.6062 1.5582
-1.6033 1.5529
-1.6003 1.5477
-1.5974 1.5425
-1.5945 1.5374
-1.5916 1.5323
-1.5888 1.5272
-1.5860 1.5222
-1.5832 1.5173
-1.5804 1.5124
-1.5777 1.5075
-1.5749 1.5027
-1.5722 1.4979
-1.5695 1.4931
-1.5669 1.4884
-1.5642 1.4838
-1.5616 1.4791
-1.5590 1.4745
-1.5564 1.4700
-1.5538 1.4655
-1.5513 1.4610
-1.5487 1.4565
-1.5462 1.4521
-1.5437 1.4477
-1.5412 1.4434
-1.5388 1.4391
-1.5363 1.4348
-1.5339 1.4306
-1.5315 1.4264
-1.5291 1.4222
-1.5267 1.4180
-1.5243 1.4139
-1.5220 1.4098
-1.5197 1.4058
-1.5173 1.4017
-1.5150 1.3977
-1.5128 1.3938
-1.5105 1.3898
-1.5082 1.3859
-1.5060 1.3820
-1.5038 1.3782
-1.5015 1.3743
-1.4993 1.3705
-1.4971 1.3667
-1.4950 1.3630
-1.4928 1.3592
-1.4907 1.3555
-1.4885 1.3519
-1.4864 1.3482
-1.4843 1.3446
-1.4822 1.3410
-1.4801 1.3374
-1.4780 1.3338
-1.4759 1.3303
-1.4739 1.3268
-1.4719 1.3233
-1.4698 1.3198
-1.4668 1.3146
-1.4638 1.3095
-1.4608 1.3044
-1.4579 1.2994
-1.4549 1.2944
-1.4520 1.2894
-1.4491 1.2846
-1.4463 1.2797
-1.4434 1.2749
-1.4406 1.2701
-1.4378 1.2654
-1.4350 1.2607
-1.4323 1.2560
-1.4296 1.2514
-1.4268 1.2468
-1.4241 1.2423
-1.4214 1.2378
-1.4188 1.2333
-1.4161 1.2289
-1.4135 1.2245
-1.4109 1.2201
-1.4083 1.2158
-1.4057 1.2114
-1.4032 1.2072
-1.4006 1.2029
-1.3981 1.1987
-1.3956 1.1945
-1.3931 1.1904
-1.3906 1.1863
-1.3881 1.1822
-1.3857 1.1781
-1.3832 1.1741
-1.3808 1.1701
-1.3784 1.1661
-1.3760 1.1621
-1.3736 1.1582
-1.3712 1.1543
-1.3689 1.1504
-1.3665 1.1466
-1.3642 1.1427
-1.3619 1.1389
-1.3595 1.1351
-1.3572 1.1314
-1.3550 1.1277
-1.3527 1.1239
-1.3504 1.1202
-1.3482 1.1166
-1.3459 1.1129
-1.3437 1.1093
-1.3415 1.1057
-1.3392 1.1021
-1.3370 1.0985
-1.3348 1.0950
-1.3327 1.0915
-1.3305 1.0880
-1.3283 1.0845
-1.3262 1.0810
-1.3240 1.0775
-1.3219 1.0741
-1.3198 1.0707
-1.3176 1.0673
-1.3148 1.0628
-1.3120 1.0583
-1.3092 1.0539
-1.3065 1.0495
-1.3037 1.0451
-1.3010 1.0407
-1.2982 1.0364
-1.2955 1.0321
-1.2928 1.0278
-1.2901 1.0235
-1.2875 1.0193
-1.2848 1.0151
-1.2821 1.0109
-1.2795 1.0067
-1.2768 1.0026
-1.2742 0.9985
-1.2716 0.9944
-1.2690 0.9903
-1.2664 0.9862
-1.2638 0.9822
-1.2613 0.9782
-1.2587 0.9742
-1.2561 0.9702
-1.2536 0.9663
-1.2510 0.9624
-1.2485 0.9584
-1.2460 0.9545
-1.2435 0.9507
-1.2410 0.9468
-1.2385 0.9429
-1.2360 0.9391
-1.2335 0.9353
-1.2310 0.9315
-1.2285 0.9277
-1.2261 0.9240
-1.2236 0.9202
-1.2212 0.9165
-1.2187 0.9127
-1.2163 0.9090
-1.2138 0.9053
-1.2114 0.9016
-1.2090 0.8980
-1.2065 0.8943
-1.2041 0.8907
-1.2017 0.8870
-1.1993 0.8834
-1.1969 0.8798
-1.1945 0.8762
-1.1921 0.8726
-1.1897 0.8690
-1.1873 0.8655
-1.1850 0.8619
-1.1826 0.8584
-1.1802 0.8548
-1.1778 0.8513
-1.1755 0.8478
-1.1731 0.8443
-1.1707 0.8408
-1.1684 0.8373
-1.1660 0.8338
-1.1637 0.8303
-1.1613 0.8268
-1.1590 0.8234
-1.1566 0.8199
-1.1543 0.8165
-1.1519 0.8131
-1.1496 0.8096
-1.1472 0.8062
-1.1449 0.8028
-1.1425 0.7994
-1.1402 0.7960
-1.1379 0.7926
-1.1355 0.7892
-1.1332 0.7858
-1.1309 0.7824
-1.1285 0.7791
-1.1262 0.7757
-1.1239 0.7723
-1.1215 0.7690
-1.1192 0.7656
-1.1169 0.7623
-1.1145 0.7589
-1.1122 0.7556
-1.1099 0.7522
-1.1075 0.7489
-1.1052 0.7456
-1.1029 0.7423
-1.1005 0.7389
-1.0982 0.7356
-1.0959 0.7323
-1.0935 0.7290
-1.0912 0.7257
-1.0888 0.7224
-1.0865 0.7191
-1.0842 0.7158
-1.0818 0.7125
-1.0795 0.7092
-1.0771 0.7059
-1.0748 0.7026
-1.0724 0.6993
-1.0701 0.6960
-1.0677 0.6927
-1.0654 0.6895
-1.0630 0.6862
-1.0607 0.6829
-1.0583 0.6796
-1.0559 0.6763
-1.0536 0.6731
-1.0512 0.6698
-1.0488 0.6665
-1.0465 0.6632
-1.0441 0.6600
-1.0417 0.6567
-1.0393 0.6534
-1.0369 0.6502
-1.0346 0.6469
-1.0322 0.6436
-1.0298 0.6403
-1.0274 0.6371
-1.0250 0.6338
-1.0226 0.6305
-1.0202 0.6272
-1.0178 0.6240
-1.0153 0.6207
-1.0129 0.6174
-1.0105 0.6141
-1.0081 0.6109
-1.0056 0.6076
-1.0032 0.6043
-1.0008 0.6010
-0.9983 0.5978
-0.9959 0.5945
-0.9934 0.5912
-0.9910 0.5879
-0.9885 0.5846
-0.9861 0.5813
-0.9836 0.5780
-0.9811 0.5748
-0.9786 0.5715
-0.9762 0.5682
-0.9737 0.5649
-0.9712 0.5616
-0.9687 0.5583
-0.9662 0.5550
-0.9637 0.5517
-0.9612 0.5484
-0.9587 0.5450
-0.9561 0.5417
-0.9536 0.5384
-0.9511 0.5351
-0.9485 0.5318
-0.9460 0.5285
-0.9435 0.5251
-0.9409 0.5218
-0.9383 0.5185
-0.9358 0.5151
-0.9332 0.5118
-0.9306 0.5085
-0.9281 0.5051
-0.9255 0.5018
-0.9229 0.4984
-0.9203 0.4951
-0.9177 0.4917
-0.9151 0.4883
-0.9124 0.4850
-0.9098 0.4816
-0.9072 0.4782
-0.9046 0.4749
-0.9019 0.4715
-0.8993 0.4681
-0.8966 0.4647
-0.8940 0.4613
-0.8913 0.4579
-0.8886 0.4545
-0.8859 0.4511
-0.8832 0.4477
-0.8806 0.4443
-0.8779 0.4409
-0.8752 0.4375
-0.8724 0.4341
-0.8697 0.4307
-0.8670 0.4272
-0.8643 0.4238
-0.8615 0.4204
-0.8588 0.4169
-0.8560 0.4135
-0.8533 0.4100
-0.8505 0.4066
-0.8477 0.4031
-0.8449 0.3996
-0.8421 0.3962
-0.8393 0.3927
-0.8365 0.3892
-0.8337 0.3857
-0.8309 0.3823
-0.8281 0.3788
-0.8252 0.3753
-0.8224 0.3718
-0.8196 0.3683
-0.8167 0.3648
-0.8138 0.3612
-0.8110 0.3577
-0.8081 0.3542
-0.8052 0.3507
-0.8023 0.3471
-0.7994 0.3436
-0.7965 0.3401
-0.7936 0.3365
-0.7907 0.3330
-0.7877 0.3294
-0.7848 0.3259
-0.7818 0.3223
-0.7789 0.3187
-0.7759 0.3151
-0.7729 0.3116
-0.7700 0.3080
-0.7670 0.3044
-0.7640 0.3008
-0.7610 0.2972
-0.7580 0.2936
-0.7550 0.2900
-0.7519 0.2864
-0.7489 0.2827
-0.7459 0.2791
-0.7428 0.2755
-0.7397 0.2718
-0.7367 0.2682
-0.7336 0.2646
-0.7305 0.2609
-0.7274 0.2573
-0.7243 0.2536
-0.7212 0.2499
-0.7181 0.2463
-0.7150 0.2426
-0.7119 0.2389
-0.7087 0.2352
-0.7056 0.2316
-0.7024 0.2279
-0.6993 0.2242
-0.6961 0.2205
-0.6929 0.2168
-0.6897 0.2130
-0.6865 0.2093
-0.6833 0.2056
-0.6801 0.2019
-0.6769 0.1982
-0.6737 0.1944
-0.6704 0.1907
-0.6672 0.1869
-0.6639 0.1832
-0.6607 0.1794
-0.6574 0.1757
-0.6541 0.1719
-0.6509 0.1682
-0.6476 0.1644
-0.6443 0.1606
-0.6410 0.1568
-0.6376 0.1530
-0.6343 0.1493
-0.6310 0.1455
-0.6277 0.1417
-0.6243 0.1379
-0.6210 0.1341
-0.6176 0.1303
-0.6142 0.1264
-0.6108 0.1226
-0.6075 0.1188
-0.6041 0.1150
-0.6007 0.1112
-0.5973 0.1073
-0.5938 0.1035
-0.5904 0.0997
-0.5870 0.0958
-0.5835 0.0920
-0.5801 0.0881
-0.5766 0.0843
-0.5732 0.0804
-0.5697 0.0765
-0.5662 0.0727
-0.5627 0.0688
-0.5592 0.0649
-0.5557 0.0611
-0.5522 0.0572
-0.5487 0.0533
-0.5452 0.0494
-0.5417 0.0455
-0.5381 0.0416
-0.5346 0.0377
-0.5310 0.0338
-0.5275 0.0299
-0.5239 0.0260
-0.5203 0.0221
-0.5168 0.0182
-0.5132 0.0143
-0.5096 0.0104
-0.5060 0.0065
-0.5024 0.0026
-0.4988 -0.0013
-0.4960 -0.0043
-0.4933 -0.0072
-0.4906 -0.0102
-0.4879 -0.0131
-0.4851 -0.0161
-0.4824 -0.0190
-0.4797 -0.0220
-0.4769 -0.0249
-0.4742 -0.0279
-0.4714 -0.0308
-0.4687 -0.0338
-0.4659 -0.0367
-0.4632 -0.0397
-0.4604 -0.0426
-0.4577 -0.0456
-0.4549 -0.0486
-0.4521 -0.0515
-0.4493 -0.0545
-0.4466 -0.0574
-0.4438 -0.0604
-0.4410 -0.0634
-0.4382 -0.0663
-0.4354 -0.0693
-0.4326 -0.0723
-0.4298 -0.0752
-0.4270 -0.0782
-0.4242 -0.0811
-0.4214 -0.0841
-0.4186 -0.0871
-0.4158 -0.0900
-0.4130 -0.0930
-0.4101 -0.0960
-0.4073 -0.0990
-0.4045 -0.1019
-0.4017 -0.1049
-0.3988 -0.1079
-0.3960 -0.1108
-0.3931 -0.1138
-0.3903 -0.1168
-0.3875 -0.1197
-0.3846 -0.1227
-0.3818 -0.1257
-0.3789 -0.1287
-0.3761 -0.1316
-0.3732 -0.1346
-0.3703 -0.1376
-0.3675 -0.1405
-0.3646 -0.1435
-0.3617 -0.1465
-0.3589 -0.1495
-0.3560 -0.1524
-0.3531 -0.1554
-0.3502 -0.1584
-0.3474 -0.1613
-0.3445 -0.1643
-0.3416 -0.1673
-0.3387 -0.1702
-0.3358 -0.1732
-0.3329 -0.1762
-0.3300 -0.1792
-0.3271 -0.1821
-0.3242 -0.1851
-0.3213 -0.1880
-0.3184 -0.1910
-0.3155 -0.1940
-0.3126 -0.1969
-0.3097 -0.1999
-0.3068 -0.2029
-0.3039 -0.2058
-0.3009 -0.2088
-0.2980 -0.2118
-0.2951 -0.2147
-0.2922 -0.2177
-0.2893 -0.2206
-0.2863 -0.2236
-0.2834 -0.2265
-0.2805 -0.2295
-0.2776 -0.2324
-0.2746 -0.2354
-0.2717 -0.2383
-0.2688 -0.2413
-0.2658 -0.2442
-0.2629 -0.2472
-0.2599 -0.2501
-0.2570 -0.2531
-0.2541 -0.2560
-0.2511 -0.2590
-0.2482 -0.2619
-0.2452 -0.2648
-0.2423 -0.2678
-0.2393 -0.2707
-0.2364 -0.2736
-0.2334 -0.2766
-0.2305 -0.2795
-0.2275 -0.2824
-0.2246 -0.2854
-0.2216 -0.2883
-0.2187 -0.2912
-0.2157 -0.2941
-0.2127 -0.2971
-0.2098 -0.3000
-0.2068 -0.3029
-0.2039 -0.3058
-0.2009 -0.3087
-0.1979 -0.3116
-0.1950 -0.3145
-0.1920 -0.3174
-0.1890 -0.3204
-0.1861 -0.3233
-0.1831 -0.3262
-0.1801 -0.3291
-0.1772 -0.3319
-0.1742 -0.3348
-0.1712 -0.3377
-0.1683 -0.3406
-0.1653 -0.3435
-0.1623 -0.3464
-0.1594 -0.3493
-0.1564 -0.3522
-0.1534 -0.3550
-0.1504 -0.3579
-0.1475 -0.3608
-0.1445 -0.3636
-0.1415 -0.3665
-0.1386 -0.3694
-0.1356 -0.3722
-0.1326 -0.3751
-0.1297 -0.3780
-0.1267 -0.3808
-0.1237 -0.3837
-0.1207 -0.3865
-0.1178 -0.3894
-0.1148 -0.3922
-0.1118 -0.3950
-0.1089 -0.3979
-0.1059 -0.4007
-0.1029 -0.4035
-0.0999 -0.4064
-0.0970 -0.4092
-0.0940 -0.4120
-0.0910 -0.4148
-0.0881 -0.4176
-0.0851 -0.4205
-0.0821 -0.4233
-0.0792 -0.4261
-0.0762 -0.4289
-0.0732 -0.4317
-0.0703 -0.4345
-0.0673 -0.4373
-0.0643 -0.4401
-0.0614 -0.4428
-0.0584 -0.4456
-0.0555 -0.4484
-0.0525 -0.4512
-0.0495 -0.4540
-0.0466 -0.4567
-0.0436 -0.4595
-0.0407 -0.4623
-0.0377 -0.4650
-0.0348 -0.4678
-0.0318 -0.4705
-0.0289 -0.4733
-0.0259 -0.4760
-0.0229 -0.4788
-0.0200 -0.4815
-0.0171 -0.4842
-0.0141 -0.4870
-0.0112 -0.4897
-0.0082 -0.4924
-0.0053 -0.4951
-0.0023 -0.4979
0.0006 -0.5006
0.0045 -0.5042
0.0085 -0.5078
0.0124 -0.5114
0.0163 -0.5150
0.0202 -0.5186
0.0241 -0.5221
0.0280 -0.5257
0.0319 -0.5293
0.0358 -0.5328
0.0397 -0.5364
0.0436 -0.5399
0.0475 -0.5434
0.0514 -0.5470
0.0552 -0.5505
0.0591 -0.5540
0.0630 -0.5575
0.0669 -0.5610
0.0707 -0.5645
0.0746 -0.5680
0.0785 -0.5714
0.0823 -0.5749
0.0862 -0.5784
0.0900 -0.5818
0.0939 -0.5853
0.0977 -0.5887
0.1016 -0.5921
0.1054 -0.5955
0.1092 -0.5990
0.1131 -0.6024
0.1169 -0.6058
0.1207 -0.6092
0.1245 -0.6125
0.1284 -0.6159
0.1322 -0.6193
0.1360 -0.6226
0.1398 -0.6260
0.1436 -0.6293
0.1474 -0.6327
0.1512 -0.6360
0.1549 -0.6393
0.1587 -0.6426
0.1625 -0.6459
0.1663 -0.6492
0.1700 -0.6525
0.1738 -0.6558
0.1776 -0.6591
0.1813 -0.6623
0.1851 -0.6656
0.1888 -0.6688
0.1926 -0.6721
0.1963 -0.6753
0.2000 -0.6785
0.2037 -0.6817
0.2075 -0.6849
0.2112 -0.6881
0.2149 -0.6913
0.2186 -0.6945
0.2223 -0.6977
0.2260 -0.7008
0.2297 -0.7040
0.2334 -0.7072
0.2371 -0.7103
0.2408 -0.7134
0.2444 -0.7166
0.2481 -0.7197
0.2518 -0.7228
0.2554 -0.7259
0.2591 -0.7290
0.2627 -0.7321
0.2664 -0.7351
0.2700 -0.7382
0.2737 -0.7413
0.2773 -0.7443
0.2809 -0.7474
0.2845 -0.7504
0.2882 -0.7534
0.2918 -0.7565
0.2954 -0.7595
0.2990 -0.7625
0.3026 -0.7655
0.3062 -0.7685
0.3098 -0.7715
0.3133 -0.7744
0.3169 -0.7774
0.3205 -0.7804
0.3241 -0.7833
0.3276 -0.7863
0.3312 -0.7892
0.3347 -0.7921
0.3383 -0.7950
0.3418 -0.7980
0.3454 -0.8009
0.3489 -0.8038
0.3524 -0.8066
0.3560 -0.8095
0.3595 -0.8124
0.3630 -0.8153
0.3665 -0.8181
0.3700 -0.8210
0.3735 -0.8238
0.3770 -0.8267
0.3805 -0.8295
0.3840 -0.8323
0.3875 -0.8351
0.3910 -0.8379
0.3944 -0.8407
0.3979 -0.8435
0.4014 -0.8463
0.4048 -0.8491
0.4083 -0.8519
0.4117 -0.8546
0.4152 -0.8574
0.4186 -0.8601
0.4221 -0.8629
0.4255 -0.8656
0.4289 -0.8684
0.4324 -0.8711
0.4358 -0.8738
0.4392 -0.8765
0.4426 -0.8792
0.4460 -0.8819
0.4494 -0.8846
0.4528 -0.8873
0.4562 -0.8900
0.4596 -0.8926
0.4630 -0.8953
0.4664 -0.8979
0.4698 -0.9006
0.4732 -0.9032
0.4766 -0.9059
0.4799 -0.9085
0.4833 -0.9111
0.4867 -0.9138
0.4900 -0.9164
0.4934 -0.9190
0.4967 -0.9216
0.5001 -0.9242
0.5034 -0.9268
0.5068 -0.9293
0.5101 -0.9319
0.5135 -0.9345
0.5168 -0.9371
0.5201 -0.9396
0.5235 -0.9422
0.5268 -0.9447
0.5301 -0.9473
0.5334 -0.9498
0.5368 -0.9523
0.5401 -0.9549
0.5434 -0.9574
0.5467 -0.9599
0.5500 -0.9624
0.5533 -0.9649
0.5566 -0.9674
0.5599 -0.9699
0.5632 -0.9724
0.5665 -0.9749
0.5698 -0.9774
0.5731 -0.9799
0.5764 -0.9824
0.5797 -0.9848
0.5830 -0.9873
0.5863 -0.9898
0.5895 -0.9922
0.5928 -0.9947
0.5961 -0.9971
0.5994 -0.9996
0.6027 -1.0020
0.6060 -1.0044
0.6092 -1.0069
0.6125 -1.0093
0.6158 -1.0117
0.6191 -1.0141
0.6223 -1.0165
0.6256 -1.0190
0.6289 -1.0214
0.6322 -1.0238
0.6354 -1.0262
0.6387 -1.0286
0.6420 -1.0310
0.6452 -1.0334
0.6485 -1.0357
0.6518 -1.0381
0.6551 -1.0405
0.6583 -1.0429
0.6616 -1.0453
0.6649 -1.0476
0.6682 -1.0500
0.6714 -1.0524
0.6747 -1.0548
0.6780 -1.0571
0.6813 -1.0595
0.6845 -1.0618
0.6878 -1.0642
0.6911 -1.0666
0.6944 -1.0689
0.6977 -1.0713
0.7010 -1.0736
0.7042 -1.0760
0.7075 -1.0783
0.7108 -1.0807
0.7141 -1.0830
0.7174 -1.0853
0.7207 -1.0877
0.7240 -1.0900
0.7273 -1.0924
0.7306 -1.0947
0.7340 -1.0970
0.7373 -1.0994
0.7406 -1.1017
0.7439 -1.1040
0.7472 -1.1064
0.7506 -1.1087
0.7539 -1.1110
0.7572 -1.1134
0.7606 -1.1157
0.7639 -1.1180
0.7673 -1.1204
0.7706 -1.1227
0.7740 -1.1250
0.7774 -1.1274
0.7807 -1.1297
0.7841 -1.1320
0.7875 -1.1344
0.7909 -1.1367
0.7943 -1.1390
0.7977 -1.1414
0.8011 -1.1437
0.8045 -1.1461
0.8079 -1.1484
0.8113 -1.1507
0.8148 -1.1531
0.8182 -1.1554
0.8217 -1.1578
0.8251 -1.1601
0.8286 -1.1625
0.8320 -1.1648
0.8355 -1.1672
0.8390 -1.1696
0.8425 -1.1719
0.8460 -1.1743
0.8495 -1.1766
0.8530 -1.1790
0.8566 -1.1814
0.8601 -1.1838
0.8637 -1.1862
0.8672 -1.1885
0.8708 -1.1909
0.8744 -1.1933
0.8780 -1.1957
0.8816 -1.1981
0.8852 -1.2005
0.8888 -1.2029
0.8925 -1.2053
0.8961 -1.2078
0.8998 -1.2102
0.9035 -1.2126
0.9072 -1.2150
0.9109 -1.2175
0.9146 -1.2199
0.9183 -1.2224
0.9221 -1.2248
0.9258 -1.2273
0.9296 -1.2298
0.9334 -1.2322
0.9372 -1.2347
0.9410 -1.2372
0.9449 -1.2397
0.9487 -1.2422
0.9526 -1.2447
0.9565 -1.2472
0.9604 -1.2498
0.9643 -1.2523
0.9683 -1.2549
0.9722 -1.2574
0.9762 -1.2600
0.9802 -1.2625
0.9842 -1.2651
0.9883 -1.2677
0.9923 -1.2703
0.9964 -1.2729
1.0005 -1.2755
1.0047 -1.2782
1.0088 -1.2808
1.0130 -1.2835
1.0172 -1.2861
1.0214 -1.2888
1.0256 -1.2915
1.0299 -1.2942
1.0342 -1.2969
1.0385 -1.2996
1.0429 -1.3023
1.0473 -1.3051
1.0517 -1.3079
1.0561 -1.3106
1.0606 -1.3134
1.0650 -1.3162
1.0696 -1.3191
1.0730 -1.3212
1.0764 -1.3233
1.0798 -1.3255
1.0833 -1.3276
1.0868 -1.3298
1.0903 -1.3319
1.0938 -1.3341
1.0974 -1.3363
1.1009 -1.3385
1.1045 -1.3407
1.1081 -1.3429
1.1117 -1.3452
1.1154 -1.3474
1.1190 -1.3497
1.1227 -1.3519
1.1264 -1.3542
1.1301 -1.3565
1.1339 -1.3588
1.1377 -1.3611
1.1415 -1.3634
1.1453 -1.3657
1.1491 -1.3681
1.1530 -1.3704
1.1569 -1.3728
1.1608 -1.3752
1.1648 -1.3776
1.1687 -1.3800
1.1727 -1.3824
1.1768 -1.3848
1.1808 -1.3873
1.1849 -1.3898
1.1890 -1.3922
1.1932 -1.3947
1.1973 -1.3972
1.2015 -1.3998
1.2058 -1.4023
1.2100 -1.4049
1.2143 -1.4074
1.2186 -1.4100
1.2230 -1.4126
1.2274 -1.4153
1.2318 -1.4179
1.2363 -1.4206
1.2408 -1.4232
1.2453 -1.4259
1.2499 -1.4286
1.2545 -1.4314
1.2591 -1.4341
1.2638 -1.4369
1.2685 -1.4397
1.2733 -1.4425
1.2781 -1.4453
1.2829 -1.4482
1.2878 -1.4511
1.2927 -1.4540
1.2977 -1.4569
1.3027 -1.4598
1.3078 -1.4628
1.3129 -1.4658
1.3181 -1.4688
1.3215 -1.4708
1.3250 -1.4729
1.3285 -1.4749
1.3320 -1.4770
1.3356 -1.4790
1.3392 -1.4811
1.3428 -1.4832
1.3464 -1.4853
1.3500 -1.4875
1.3537 -1.4896
1.3574 -1.4917
1.3611 -1.4939
1.3649 -1.4961
1.3686 -1.4982
1.3724 -1.5004
1.3762 -1.5026
1.3801 -1.5049
1.3840 -1.5071
1.3879 -1.5094
1.3918 -1.5116
1.3957 -1.5139
1.3997 -1.5162
1.4037 -1.5185
1.4078 -1.5208
1.4119 -1.5232
1.4160 -1.5255
1.4201 -1.5279
1.4243 -1.5303
1.4285 -1.5327
1.4327 -1.5351
1.4369 -1.5375
1.4412 -1.5400
1.4456 -1.5425
1.4499 -1.5450
1.4543 -1.5475
1.4588 -1.5500
1.4632 -1.5525
1.4677 -1.5551
1.4723 -1.5577
1.4768 -1.5603
1.4814 -1.5629
1.4861 -1.5655
1.4908 -1.5682
1.4955 -1.5709
1.5003 -1.5736
1.5051 -1.5763
1.5099 -1.5790
1.5148 -1.5818
1.5198 -1.5846
1.5247 -1.5874
1.5298 -1.5902
1.5348 -1.5931
1.5399 -1.5960
1.5451 -1.5989
1.5503 -1.6018
1.5555 -1.6047
1.5608 -1.6077
1.5662 -1.6107
1.5716 -1.6137
1.5771 -1.6168
1.5826 -1.6199
1.5881 -1.6230
1.5937 -1.6261
1.5994 -1.6293
1.6051 -1.6325
1.6109 -1.6357
1.6167 -1.6389
1.6226 -1.6422
1.6286 -1.6455
1.6346 -1.6489
1.6407 -1.6523
1.6468 -1.6557
1.6530 -1.6591
1.6593 -1.6626
1.6656 -1.6661
1.6721 -1.6696
1.6785 -1.6732
1.6851 -1.6768
1.6917 -1.6805
1.6984 -1.6842
1.7052 -1.6879
1.7120 -1.6917
1.7189 -1.6955
1.7260 -1.6994
1.7295 -1.7013
1.7330 -1.7033
1.7366 -1.7052
1.7402 -1.7072
1.7438 -1.7092
1.7475 -1.7112
1.7511 -1.7132
1.7548 -1.7152
1.7585 -1.7173
1.7622 -1.7193
1.7660 -1.7214
1.7698 -1.7234
1.7736 -1.7255
1.7774 -1.7276
1.7812 -1.7297
1.7851 -1.7318
1.7890 -1.7339
1.7929 -1.7361
1.7969 -1.7382
1.8008 -1.7404
1.8048 -1.7426
1.8088 -1.7448
1.8129 -1.7470
1.8169 -1.7492
1.8210 -1.7514
1.8252 -1.7537
1.8293 -1.7559
1.8335 -1.7582
1.8377 -1.7605
1.8419 -1.7628
1.8462 -1.7651
1.8505 -1.7674
1.8548 -1.7698
1.8591 -1.7721
1.8635 -1.7745
1.8679 -1.7769
1.8724 -1.7793
1.8768 -1.7817
1.8813 -1.7842
1.8859 -1.7866
1.8904 -1.7891
1.8950 -1.7916
1.8996 -1.7941
1.9043 -1.7966
1.9090 -1.7992
1.9137 -1.8017
1.9185 -1.8043
1.9233 -1.8069
1.9281 -1.8095
1.9330 -1.8121
1.9379 -1.8148
1.9428 -1.8174
1.9478 -1.8201
1.9528 -1.8228
1.9579 -1.8255
1.9630 -1.8283
1.9681 -1.8311
1.9733 -1.8338
1.9785 -1.8366
1.9837 -1.8395
1.9890 -1.8423
1.9944 -1.8452
1.9997 -1.8481
2.0052 -1.8510
2.0106 -1.8539
2.0161 -1.8569
2.0217 -1.8598
2.0273 -1.8628
2.0329 -1.8659
2.0386 -1.8689
2.0443 -1.8720
2.0501 -1.8751
2.0559 -1.8782
2.0618 -1.8813
2.0678 -1.8845
2.0737 -1.8877
2.0798 -1.8909
2.0859 -1.8942
2.0920 -1.8975
2.0982 -1.9008
2.1044 -1.9041
2.1107 -1.9075
2.1171 -1.9109
2.1235 -1.9143
2.1300 -1.9177
2.1365 -1.9212
2.1431 -1.9247
2.1497 -1.9282
2.1565 -1.9318
2.1632 -1.9354
2.1701 -1.9391
2.1770 -1.9427
2.1839 -1.9464
2.1910 -1.9502
2.1981 -1.9539
2.2053 -1.9577
2.2125 -1.9616
2.2198 -1.9655
2.2272 -1.9694
2.2347 -1.9733
2.2422 -1.9773
2.2498 -1.9813
2.2575 -1.9854
2.2652 -1.9895
2.2731 -1.9937
2.2810 -1.9979
2.2890 -2.0021
2.2971 -2.0064
2.3053 -2.0107
2.3136 -2.0150
2.3219 -2.0195
2.3304 -2.0239
2.3389 -2.0284
2.3475 -2.0330
2.3563 -2.0376
2.3651 -2.0422
2.3740 -2.0469
2.3831 -2.0517
2.3922 -2.0565
2.4014 -2.0613
2.4108 -2.0662
2.4202 -2.0712
2.4298 -2.0762
2.4395 -2.0813
2.4493 -2.0864
2.4592 -2.0916
2.4692 -2.0969
2.4794 -2.1022
2.4897 -2.1076
2.5001 -2.1131
2.5106 -2.1186
2.5213 -2.1242
2.5321 -2.1298
2.5431 -2.1356
2.5542 -2.1414
2.5654 -2.1472
2.5768 -2.1532
2.5883 -2.1592
2.6000 -2.1653
2.6119 -2.1715
2.6239 -2.1778
2.6361 -2.1841
2.6485 -2.1906
2.6610 -2.1971
2.6738 -2.2037
2.6867 -2.2105
2.6998 -2.2173
2.7130 -2.2242
2.7265 -2.2312
2.7402 -2.2383
2.7541 -2.2455
2.7682 -2.2529
2.7826 -2.2603
2.7971 -2.2679
2.8119 -2.2755
2.8269 -2.2833
2.8422 -2.2912
2.8577 -2.2993
2.8735 -2.3074
2.8895 -2.3157
2.9058 -2.3242
2.9224 -2.3328
2.9393 -2.3415
2.9565 -2.3504
2.9739 -2.3594
2.9917 -2.3686
3.0098 -2.3780
3.0283 -2.3875
3.0471 -2.3972
3.0662 -2.4070
3.0857 -2.4171
3.1056 -2.4274
3.1259 -2.4378
3.1466 -2.4485
3.1677 -2.4593
3.1892 -2.4704
3.2112 -2.4817
3.2336 -2.4932
3.2566 -2.5050
3.2800 -2.5170
3.3039 -2.5293
3.3284 -2.5419
3.3534 -2.5547
3.3789 -2.5678
3.4051 -2.5813
3.4319 -2.5950
3.4593 -2.6091
3.4875 -2.6235
3.5163 -2.6382
3.5458 -2.6533
3.5761 -2.6688
3.6072 -2.6847
3.6391 -2.7010
3.6718 -2.7178
3.7055 -2.7350
3.7401 -2.7526
3.7757 -2.7708
nan nan
-3.7737 0.9248
-3.7410 0.9081
-3.7093 0.8919
-3.6783 0.8761
-3.6482 0.8606
-3.6188 0.8456
-3.5901 0.8309
-3.5622 0.8166
-3.5349 0.8026
-3.5082 0.7890
-3.4822 0.7756
-3.4567 0.7626
-3.4319 0.7498
-3.4075 0.7373
-3.3838 0.7251
-3.3605 0.7131
-3.3377 0.7014
-3.3154 0.6900
-3.2936 0.6787
-3.2722 0.6677
-3.2512 0.6569
-3.2307 0.6464
-3.2106 0.6360
-3.1908 0.6258
-3.1714 0.6158
-3.1524 0.6060
-3.1338 0.5964
-3.1155 0.5870
-3.0975 0.5777
-3.0799 0.5686
-3.0625 0.5596
-3.0455 0.5508
-3.0288 0.5421
-3.0123 0.5336
-2.9962 0.5253
-2.9803 0.5170
-2.9646 0.5089
-2.9493 0.5010
-2.9341 0.4931
-2.9193 0.4854
-2.9046 0.4778
-2.8902 0.4704
-2.8760 0.4630
-2.8621 0.4557
-2.8483 0.4486
-2.8348 0.4416
-2.8214 0.4346
-2.8083 0.4278
-2.7953 0.4210
-2.7826 0.4144
-2.7700 0.4079
-2.7576 0.4014
-2.7454 0.3950
-2.7334 0.3887
-2.7215 0.3826
-2.7098 0.3764
-2.6982 0.3704
-2.6868 0.3645
-2.6756 0.3586
-2.6645 0.3528
-2.6535 0.3471
-2.6427 0.3414
-2.6320 0.3358
-2.6215 0.3303
-2.6111 0.3249
-2.6009 0.3195
-2.5907 0.3142
-2.5807 0.3089
-2.5708 0.3038
-2.5611 0.2986
-2.5514 0.2936
-2.5419 0.2886
-2.5325 0.2836
-2.5232 0.2787
-2.5140 0.2739
-2.5049 0.2691
-2.4959 0.2644
-2.4870 0.2597
-2.4783 0.2551
-2.4696 0.2506
-2.4610 0.2460
-2.4525 0.2416
-2.4442 0.2372
-2.4359 0.2328
-2.4277 0.2285
-2.4195 0.2242
-2.4115 0.2199
-2.4036 0.2157
-2.3957 0.2116
-2.3879 0.2075
-2.3803 0.2034
-2.3726 0.1994
-2.3651 0.1954
-2.3577 0.1915
-2.3503 0.1875
-2.3430 0.1837
-2.3357 0.1798
-2.3286 0.1761
-2.3215 0.1723
-2.3145 0.1686
-2.3075 0.1649
-2.3007 0.1612
-2.2939 0.1576
-2.2871 0.1540
-2.2804 0.1505
-2.2738 0.1470
-2.2673 0.1435
-2.2608 0.1400
-2.2543 0.1366
-2.2480 0.1332
-2.2416 0.1298
-2.2354 0.1265
-2.2292 0.1232
-2.2230 0.1199
-2.2170 0.1167
-2.2109 0.1135
-2.2049 0.1103
-2.1990 0.1071
-2.1931 0.1040
-2.1873 0.1008
-2.1816 0.0978
-2.1758 0.0947
-2.1702 0.0917
-2.1645 0.0887
-2.1590 0.0857
-2.1534 0.0827
-2.1480 0.0798
-2.1425 0.0769
-2.1371 0.0740
-2.1318 0.0711
-2.1265 0.0682
-2.1212 0.0654
-2.1160 0.0626
-2.1109 0.0598
-2.1057 0.0571
-2.1006 0.0544
-2.0956 0.0516
-2.0906 0.0489
-2.0856 0.0463
-2.0807 0.0436
-2.0758 0.0410
-2.0710 0.0384
-2.0661 0.0358
-2.0614 0.0332
-2.0566 0.0306
-2.0519 0.0281
-2.0473 0.0256
-2.0426 0.0231
-2.0380 0.0206
-2.0335 0.0181
-2.0289 0.0157
-2.0244 0.0132
-2.0200 0.0108
-2.0155 0.0084
-2.0112 0.0060
-2.0068 0.0037
-2.0025 0.0013
-1.9982 -0.0010
-1.9939 -0.0033
-1.9896 -0.0056
-1.9854 -0.0079
-1.9813 -0.0102
-1.9771 -0.0124
-1.9730 -0.0147
-1.9689 -0.0169
-1.9648 -0.0191
-1.9608 -0.0213
-1.9568 -0.0235
-1.9528 -0.0256
-1.9489 -0.0278
-1.9449 -0.0299
-1.9410 -0.0321
-1.9372 -0.0342
-1.9333 -0.0363
-1.9295 -0.0384
-1.9257 -0.0404
-1.9219 -0.0425
-1.9182 -0.0445
-1.9145 -0.0466
-1.9108 -0.0486
-1.9071 -0.0506
-1.9035 -0.0526
-1.8998 -0.0546
-1.8962 -0.0565
-1.8927 -0.0585
-1.8891 -0.0605
-1.8856 -0.0624
-1.8821 -0.0643
-1.8751 -0.0681
-1.8682 -0.0719
-1.8615 -0.0756
-1.8548 -0.0793
-1.8481 -0.0830
-1.8416 -0.0866
-1.8352 -0.0901
-1.8288 -0.0936
-1.8225 -0.0971
-1.8162 -0.1006
-1.8101 -0.1040
-1.8040 -0.1073
-1.7980 -0.1107
-1.7920 -0.1139
-1.7862 -0.1172
-1.7803 -0.1204
-1.7746 -0.1236
-1.7689 -0.1268
-1.7633 -0.1299
-1.7577 -0.1330
-1.7522 -0.1361
-1.7468 -0.1391
-1.7414 -0.1421
-1.7361 -0.1451
-1.7308 -0.1480
-1.7256 -0.1509
-1.7204 -0.1538
-1.7153 -0.1567
-1.7103 -0.1595
-1.7053 -0.1623
-1.7003 -0.1651
-1.6954 -0.1678
-1.6906 -0.1706
-1.6858 -0.1733
-1.6810 -0.1759
-1.6763 -0.1786
-1.6716 -0.1812
-1.6670 -0.1838
-1.6624 -0.1864
-1.6579 -0.1890
-1.6534 -0.1915
-1.6490 -0.1940
-1.6446 -0.1965
-1.6402 -0.1990
-1.6359 -0.2014
-1.6316 -0.2039
-1.6274 -0.2063
-1.6232 -0.2087
-1.6190 -0.2110
-1.6149 -0.2134
-1.6108 -0.2157
-1.6067 -0.2180
-1.6027 -0.2203
-1.5988 -0.2226
-1.5948 -0.2248
-1.5909 -0.2271
-1.5870 -0.2293
-1.5832 -0.2315
-1.5794 -0.2337
-1.5756 -0.2358
-1.5718 -0.2380
-1.5681 -0.2401
-1.5644 -0.2422
-1.5608 -0.2443
-1.5572 -0.2464
-1.5536 -0.2485
-1.5500 -0.2505
-1.5465 -0.2526
-1.5430 -0.2546
-1.5395 -0.2566
-1.5343 -0.2596
-1.5292 -0.2625
-1.5242 -0.2654
-1.5192 -0.2683
-1.5143 -0.2712
-1.5094 -0.2740
-1.5046 -0.2768
-1.4999 -0.2796
-1.4952 -0.2823
-1.4905 -0.2850
-1.4859 -0.2877
-1.4814 -0.2903
-1.4769 -0.2930
-1.4725 -0.2956
-1.4681 -0.2982
-1.4637 -0.3007
-1.4594 -0.3032
-1.4552 -0.3057
-1.4510 -0.3082
-1.4468 -0.3107
-1.4427 -0.3131
-1.4386 -0.3155
-1.4346 -0.3179
-1.4306 -0.3203
-1.4266 -0.3226
-1.4227 -0.3249
-1.4188 -0.3272
-1.4150 -0.3295
-1.4112 -0.3318
-1.4074 -0.3340
-1.4037 -0.3363
-1.4000 -0.3385
-1.3964 -0.3406
-1.3928 -0.3428
-1.3892 -0.3450
-1.3856 -0.3471
-1.3821 -0.3492
-1.3786 -0.3513
-1.3752 -0.3534
-1.3706 -0.3561
-1.3661 -0.3588
-1.3617 -0.3615
-1.3573 -0.3642
-1.3530 -0.3668
-1.3487 -0.3694
-1.3445 -0.3719
-1.3403 -0.3745
-1.3362 -0.3770
-1.3321 -0.3795
-1.3280 -0.3820
-1.3240 -0.3844
-1.3201 -0.3868
-1.3162 -0.3892
-1.3123 -0.3916
-1.3085 -0.3940
-1.3047 -0.3963
-1.3010 -0.3986
-1.2973 -0.4009
-1.2936 -0.4031
-1.2900 -0.4054
-1.2865 -0.4076
-1.2829 -0.4098
-1.2794 -0.4120
-1.2759 -0.4141
-1.2725 -0.4163
-1.2691 -0.4184
-1.2649 -0.4210
-1.2608 -0.4236
-1.2567 -0.4262
-1.2526 -0.4288
-1.2486 -0.4313
-1.2447 -0.4338
-1.2408 -0.4362
-1.2369 -0.4387
-1.2331 -0.4411
-1.2294 -0.4435
-1.2257 -0.4459
-1.2220 -0.4482
-1.2183 -0.4505
-1.2148 -0.4528
-1.2112 -0.4551
-1.2077 -0.4574
-1.2042 -0.4596
-1.2008 -0.4618
-1.1974 -0.4640
-1.1940 -0.4662
-1.1901 -0.4688
-1.1861 -0.4713
-1.1822 -0.4738
-1.1784 -0.4763
-1.1746 -0.4788
-1.1709 -0.4813
-1.1672 -0.4837
-1.1635 -0.4861
-1.1599 -0.4885
-1.1564 -0.4908
-1.1529 -0.4931
-1.1494 -0.4955
-1.1459 -0.4977
-1.1425 -0.5000
-1.1392 -0.5022
-1.1353 -0.5048
-1.1315 -0.5074
-1.1277 -0.5099
-1.1240 -0.5124
-1.1203 -0.5149
-1.1167 -0.5174
-1.1131 -0.5198
-1.1096 -0.5222
-1.1061 -0.5246
-1.1026 -0.5269
-1.0992 -0.5293
-1.0958 -0.5316
-1.0925 -0.5339
-1.0888 -0.5365
-1.0850 -0.5390
-1.0814 -0.5416
-1.0778 -0.5441
-1.0742 -0.5466
-1.0707 -0.5490
-1.0672 -0.5515
-1.0638 -0.5539
-1.0604 -0.5563
-1.0570 -0.5587
-1.0537 -0.5610
-1.0504 -0.5633
-1.0468 -0.5659
-1.0432 -0.5685
-1.0397 -0.5710
-1.0362 -0.5735
-1.0327 -0.5760
-1.0293 -0.5785
-1.0260 -0.5809
-1.0226 -0.5833
-1.0193 -0.5857
-1.0161 -0.5881
-1.0125 -0.5907
-1.0090 -0.5933
-1.0056 -0.5959
-1.0021 -0.5984
-0.9987 -0.6009
-0.9954 -0.6034
-0.9921 -0.6059
-0.9888 -0.6084
-0.9856 -0.6108
-0.9821 -0.6134
-0.9787 -0.6160
-0.9752 -0.6186
-0.9719 -0.6212
-0.9685 -0.6238
-0.9653 -0.6263
-0.9620 -0.6288
-0.9588 -0.6313
-0.9556 -0.6338
-0.9522 -0.6365
-0.9488 -0.6391
-0.9455 -0.6417
-0.9422 -0.6444
-0.9389 -0.6469
-0.9357 -0.6495
-0.9325 -0.6521
-0.9293 -0.6546
-0.9262 -0.6571
-0.9229 -0.6598
-0.9196 -0.6625
-0.9163 -0.6652
-0.9130 -0.6678
-0.9099 -0.6704
-0.9067 -0.6731
-0.9036 -0.6757
-0.9005 -0.6782
-0.8974 -0.6808
-0.8941 -0.6835
-0.8909 -0.6863
-0.8877 -0.6890
-0.8845 -0.6917
-0.8813 -0.6944
-0.8782 -0.6971
-0.8751 -0.6997
-0.8721 -0.7024
-0.8691 -0.7050
-0.8658 -0.7078
-0.8626 -0.7106
-0.8595 -0.7134
-0.8563 -0.7162
-0.8532 -0.7190
-0.8501 -0.7217
-0.8471 -0.7245
-0.8440 -0.7272
-0.8410 -0.7300
-0.8380 -0.7327
-0.8350 -0.7355
-0.8321 -0.7382
-0.8291 -0.7409
-0.8260 -0.7438
-0.8229 -0.7467
-0.8199 -0.7496
-0.8168 -0.7525
-0.8137 -0.7554
-0.8107 -0.7583
-0.8077 -0.7611
-0.8047 -0.7640
-0.8017 -0.7669
-0.7987 -0.7698
-0.7958 -0.7727
-0.7928 -0.7756
-0.7899 -0.7785
-0.7869 -0.7815
-0.7840 -0.7844
-0.7811 -0.7873
-0.7782 -0.7902
-0.7753 -0.7932
-0.7724 -0.7961
-0.7695 -0.7991
-0.7666 -0.8021
-0.7637 -0.8051
-0.7608 -0.8081
-0.7579 -0.8111
-0.7550 -0.8141
-0.7521 -0.8172
-0.7492 -0.8202
-0.7463 -0.8233
-0.7434 -0.8264
-0.7405 -0.8295
-0.7378 -0.8325
-0.7351 -0.8354
-0.7324 -0.8384
-0.7296 -0.8414
-0.7269 -0.8444
-0.7241 -0.8475
-0.7214 -0.8506
-0.7186 -0.8536
-0.7158 -0.8568
-0.7131 -0.8599
-0.7103 -0.8631
-0.7075 -0.8663
-0.7046 -0.8695
-0.7020 -0.8725
-0.6993 -0.8756
-0.6967 -0.8787
-0.6940 -0.8818
-0.6913 -0.8849
-0.6886 -0.8881
-0.6859 -0.8913
-0.6832 -0.8946
-0.6804 -0.8979
-0.6778 -0.9009
-0.6753 -0.9040
-0.6727 -0.9072
-0.6700 -0.9103
-0.6674 -0.9135
-0.6648 -0.9168
-0.6621 -0.9201
-0.6594 -0.9234
-0.6567 -0.9267
-0.6542 -0.9298
-0.6516 -0.9330
-0.6491 -0.9362
-0.6465 -0.9394
-0.6439 -0.9427
-0.6413 -0.9460
-0.6387 -0.9494
-0.6360 -0.9528
-0.6333 -0.9562
-0.6309 -0.9594
-0.6284 -0.9626
-0.6259 -0.9658
-0.6233 -0.9691
-0.6208 -0.9725
-0.6182 -0.9759
-0.6156 -0.9793
-0.6129 -0.9827
-0.6103 -0.9863
-0.6079 -0.9895
-0.6054 -0.9928
-0.6029 -0.9961
-0.6004 -0.9994
-0.5979 -1.0028
-0.5954 -1.0062
-0.5928 -1.0097
-0.5902 -1.0132
-0.5876 -1.0168
-0.5852 -1.0201
-0.5828 -1.0234
-0.5804 -1.0267
-0.5779 -1.0301
-0.5755 -1.0335
-0.5730 -1.0369
-0.5705 -1.0405
-0.5679 -1.0440
-0.5653 -1.0476
-0.5628 -1.0512
-0.5604 -1.0545
-0.5581 -1.0579
-0.5557 -1.0612
-0.5533 -1.0646
-0.5509 -1.0681
-0.5484 -1.0716
-0.5460 -1.0751
-0.5435 -1.0787
-0.5410 -1.0823
-0.5384 -1.0860
-0.5358 -1.0897
-0.5336 -1.0930
-0.5313 -1.0963
-0.5290 -1.0997
-0.5266 -1.1031
-0.5242 -1.1066
-0.5219 -1.1101
-0.5195 -1.1136
-0.5170 -1.1172
-0.5146 -1.1208
-0.5121 -1.1245
-0.5096 -1.1283
-0.5070 -1.1320
-0.5045 -1.1359
-0.5019 -1.1397
-0.4996 -1.1431
-0.4974 -1.1465
-0.4951 -1.1500
-0.4928 -1.1534
-0.4904 -1.1570
-0.4881 -1.1605
-0.4857 -1.1641
-0.4833 -1.1678
-0.4809 -1.1715
-0.4784 -1.1752
-0.4759 -1.1790
-0.4734 -1.1829
-0.4709 -1.1868
-0.4683 -1.1907
-0.4657 -1.1947
-0.4636 -1.1981
-0.4614 -1.2015
-0.4591 -1.2049
-0.4569 -1.2084
-0.4546 -1.2119
-0.4524 -1.2155
-0.4501 -1.2191
-0.4477 -1.2227
-0.4454 -1.2264
-0.4430 -1.2301
-0.4406 -1.2339
-0.4382 -1.2377
-0.4357 -1.2416
-0.4333 -1.2455
-0.4308 -1.2494
-0.4283 -1.2534
-0.4257 -1.2575
-0.4231 -1.2616
-0.4205 -1.2658
-0.4179 -1.2700
-0.4158 -1.2734
-0.4136 -1.2768
-0.4114 -1.2803
-0.4093 -1.2838
-0.4070 -1.2873
-0.4048 -1.2909
-0.4026 -1.2946
-0.4003 -1.2982
-0.3980 -1.3019
-0.3957 -1.3057
-0.3934 -1.3095
-0.3910 -1.3133
-0.3886 -1.3172
-0.3862 -1.3211
-0.3838 -1.3250
-0.3814 -1.3290
-0.3789 -1.3331
-0.3764 -1.3372
-0.3739 -1.3413
-0.3713 -1.3455
-0.3687 -1.3498
-0.3661 -1.3541
-0.3635 -1.3584
-0.3608 -1.3628
-0.3581 -1.3673
-0.3554 -1.3718
-0.3527 -1.3763
-0.3506 -1.3798
-0.3485 -1.3833
-0.3464 -1.3868
-0.3442 -1.3904
-0.3421 -1.3940
-0.3399 -1.3976
-0.3377 -1.4012
-0.3355 -1.4049
-0.3333 -1.4087
-0.3310 -1.4125
-0.3288 -1.4163
-0.3265 -1.4201
-0.3242 -1.4240
-0.3218 -1.4279
-0.3195 -1.4319
-0.3171 -1.4359
-0.3147 -1.4400
-0.3123 -1.4440
-0.3099 -1.4482
-0.3074 -1.4524
-0.3049 -1.4566
-0.3024 -1.4609
-0.2999 -1.4652
-0.2973 -1.4695
-0.2947 -1.4739
-0.2921 -1.4784
-0.2895 -1.4829
-0.2868 -1.4875
-0.2841 -1.4921
-0.2814 -1.4967
-0.2786 -1.5015
-0.2759 -1.5062
-0.2731 -1.5111
-0.2702 -1.5159
-0.2674 -1.5209
-0.2645 -1.5259
-0.2615 -1.5309
-0.2586 -1.5361
-0.2556 -1.5412
-0.2536 -1.5447
-0.2515 -1.5482
-0.2495 -1.5518
-0.2474 -1.5554
-0.2454 -1.5590
-0.2433 -1.5626
-0.2412 -1.5663
-0.2390 -1.5700
-0.2369 -1.5737
-0.2347 -1.5775
-0.2326 -1.5813
-0.2304 -1.5851
-0.2282 -1.5890
-0.2259 -1.5928
-0.2237 -1.5968
-0.2214 -1.6007
-0.2192 -1.6047
-0.2169 -1.6088
-0.2145 -1.6128
-0.2122 -1.6169
-0.2098 -1.6211
-0.2075 -1.6253
-0.2051 -1.6295
-0.2026 -1.6338
-0.2002 -1.6381
-0.1977 -1.6424
-0.1953 -1.6468
-0.1928 -1.6512
-0.1902 -1.6557
-0.1877 -1.6602
-0.1851 -1.6647
-0.1825 -1.6693
-0.1799 -1.6740
-0.1773 -1.6786
-0.1746 -1.6834
-0.1719 -1.6882
-0.1692 -1.6930
-0.1665 -1.6979
-0.1637 -1.7028
-0.1609 -1.7078
-0.1581 -1.7128
-0.1553 -1.7179
-0.1524 -1.7230
-0.1495 -1.7282
-0.1466 -1.7334
-0.1436 -1.7387
-0.1406 -1.7441
-0.1376 -1.7495
-0.1345 -1.7550
-0.1315 -1.7605
-0.1284 -1.7661
-0.1252 -1.7717
-0.1220 -1.7775
-0.1188 -1.7832
-0.1156 -1.7891
-0.1123 -1.7950
-0.1090 -1.8010
-0.1056 -1.8070
-0.1023 -1.8132
-0.0988 -1.8193
-0.0954 -1.8256
-0.0919 -1.8320
-0.0883 -1.8384
-0.0848 -1.8449
-0.0811 -1.8514
-0.0775 -1.8581
-0.0738 -1.8648
-0.0700 -1.8717
-0.0662 -1.8786
-0.0624 -1.8856
-0.0605 -1.8891
-0.0585 -1.8927
-0.0565 -1.8962
-0.0546 -1.8998
-0.0526 -1.9035
-0.0506 -1.9071
-0.0486 -1.9108
-0.0466 -1.9145
-0.0445 -1.9182
-0.0425 -1.9219
-0.0404 -1.9257
-0.0384 -1.9295
-0.0363 -1.9333
-0.0342 -1.9372
-0.0321 -1.9410
-0.0299 -1.9449
-0.0278 -1.9489
-0.0256 -1.9528
-0.0235 -1.9568
-0.0213 -1.9608
-0.0191 -1.9648
-0.0169 -1.9689
-0.0147 -1.9730
-0.0124 -1.9771
-0.0102 -1.9813
-0.0079 -1.9854
-0.0056 -1.9896
-0.0033 -1.9939
-0.0010 -1.9982
0.0013 -2.0025
0.0037 -2.0068
0.0060 -2.0112
0.0084 -2.0155
0.0108 -2.0200
0.0132 -2.0244
0.0157 -2.0289
0.0181 -2.0335
0.0206 -2.0380
0.0231 -2.0426
0.0256 -2.0473
0.0281 -2.0519
0.0306 -2.0566
0.0332 -2.0614
0.0358 -2.0661
0.0384 -2.0710
0.0410 -2.0758
0.0436 -2.0807
0.0463 -2.0856
0.0489 -2.0906
0.0516 -2.0956
0.0544 -2.1006
0.0571 -2.1057
0.0598 -2.1109
0.0626 -2.1160
0.0654 -2.1212
0.0682 -2.1265
0.0711 -2.1318
0.0740 -2.1371
0.0769 -2.1425
0.0798 -2.1480
0.0827 -2.1534
0.0857 -2.1590
0.0887 -2.1645
0.0917 -2.1702
0.0947 -2.1758
0.0978 -2.1816
0.1008 -2.1873
0.1040 -2.1931
0.1071 -2.1990
0.1103 -2.2049
0.1135 -2.2109
0.1167 -2.2170
0.1199 -2.2230
0.1232 -2.2292
0.1265 -2.2354
0.1298 -2.2416
0.1332 -2.2480
0.1366 -2.2543
0.1400 -2.2608
0.1435 -2.2673
0.1470 -2.2738
0.1505 -2.2804
0.1540 -2.2871
0.1576 -2.2939
0.1612 -2.3007
0.1649 -2.3075
0.1686 -2.3145
0.1723 -2.3215
0.1761 -2.3286
0.1798 -2.3357
0.1837 -2.3430
0.1875 -2.3503
0.1915 -2.3577
0.1954 -2.3651
0.1994 -2.3726
0.2034 -2.3803
0.2075 -2.3879
0.2116 -2.3957
0.2157 -2.4036
0.2199 -2.4115
0.2242 -2.4195
0.2285 -2.4277
0.2328 -2.4359
0.2372 -2.4442
0.2416 -2.4525
0.2460 -2.4610
0.2506 -2.4696
0.2551 -2.4783
0.2597 -2.4870
0.2644 -2.4959
0.2691 -2.5049
0.2739 -2.5140
0.2787 -2.5232
0.2836 -2.5325
0.2886 -2.5419
0.2936 -2.5514
0.2986 -2.5611
0.3038 -2.5708
0.3089 -2.5807
0.3142 -2.5907
0.3195 -2.6009
0.3249 -2.6111
0.3303 -2.6215
0.3358 -2.6320
0.3414 -2.6427
0.3471 -2.6535
0.3528 -2.6645
0.3586 -2.6756
0.3645 -2.6868
0.3704 -2.6982
0.3764 -2.7098
0.3826 -2.7215
0.3887 -2.7334
0.3950 -2.7454
0.4014 -2.7576
0.4079 -2.7700
0.4144 -2.7826
0.4210 -2.7953
0.4278 -2.8083
0.4346 -2.8214
0.4416 -2.8348
0.4486 -2.8483
0.4557 -2.8621
0.4630 -2.8760
0.4704 -2.8902
0.4778 -2.9046
0.4854 -2.9193
0.4931 -2.9341
0.5010 -2.9493
0.5089 -2.9646
0.5170 -2.9803
0.5253 -2.9962
0.5336 -3.0123
0.5421 -3.0288
0.5508 -3.0455
0.5596 -3.0625
0.5686 -3.0799
0.5777 -3.0975
0.5870 -3.1155
0.5964 -3.1338
0.6060 -3.1524
0.6158 -3.1714
0.6258 -3.1908
0.6360 -3.2106
0.6464 -3.2307
0.6569 -3.2512
0.6677 -3.2722
0.6787 -3.2936
0.6900 -3.3154
0.7014 -3.3377
0.7131 -3.3605
0.7251 -3.3838
0.7373 -3.4075
0.7498 -3.4319
0.7626 -3.4567
0.7756 -3.4822
0.7890 -3.5082
0.8026 -3.5349
0.8166 -3.5622
0.8309 -3.5901
0.8456 -3.6188
0.8606 -3.6482
0.8761 -3.6783
0.8919 -3.7093
0.9081 -3.7410
0.9248 -3.7737
nan nan
-3.7757 -2.7708
-3.7401 -2.7526
-3.7055 -2.7350
-3.6718 -2.7178
-3.6391 -2.7010
-3.6072 -2.6847
-3.5761 -2.6688
-3.5458 -2.6533
-3.5163 -2.6382
-3.4875 -2.6235
-3.4593 -2.6091
-3.4319 -2.5950
-3.4051 -2.5813
-3.3789 -2.5678
-3.3534 -2.5547
-3.3284 -2.5419
-3.3039 -2.5293
-3.2800 -2.5170
-3.2566 -2.5050
-3.2336 -2.4932
-3.2112 -2.4817
-3.1892 -2.4704
-3.1677 -2.4593
-3.1466 -2.4485
-3.1259 -2.4378
-3.1056 -2.4274
-3.0857 -2.4171
-3.0662 -2.4070
-3.0471 -2.3972
-3.0283 -2.3875
-3.0098 -2.3780
-2.9917 -2.3686
-2.9739 -2.3594
-2.9565 -2.3504
-2.9393 -2.3415
-2.9224 -2.3328
-2.9058 -2.3242
-2.8895 -2.3157
-2.8735 -2.3074
-2.8577 -2.2993
-2.8422 -2.2912
-2.8269 -2.2833
-2.8119 -2.2755
-2.7971 -2.2679
-2.7826 -2.2603
-2.7682 -2.2529
-2.7541 -2.2455
-2.7402 -2.2383
-2.7265 -2.2312
-2.7130 -2.2242
-2.6998 -2.2173
-2.6867 -2.2105
-2.6738 -2.2037
-2.6610 -2.1971
-2.6485 -2.1906
-2.6361 -2.1841
-2.6239 -2.1778
-2.6119 -2.1715
-2.6000 -2.1653
-2.5883 -2.1592
-2.5768 -2.1532
-2.5654 -2.1472
-2.5542 -2.1414
-2.5431 -2.1356
-2.5321 -2.1298
-2.5213 -2.1242
-2.5106 -2.1186
-2.5001 -2.1131
-2.4897 -2.1076
-2.4794 -2.1022
-2.4692 -2.0969
-2.4592 -2.0916
-2.4493 -2.0864
-2.4395 -2.0813
-2.4298 -2.0762
-2.4202 -2.0712
-2.4108 -2.0662
-2.4014 -2.0613
-2.3922 -2.0565
-2.3831 -2.0517
-2.3740 -2.0469
-2.3651 -2.0422
-2.3563 -2.0376
-2.3475 -2.0330
-2.3389 -2.0284
-2.3304 -2.0239
-2.3219 -2.0195
-2.3136 -2.0150
-2.3053 -2.0107
-2.2971 -2.0064
-2.2890 -2.0021
-2.2810 -1.9979
-2.2731 -1.9937
-2.2652 -1.9895
-2.2575 -1.9854
-2.2498 -1.9813
-2.2422 -1.9773
-2.2347 -1.9733
-2.2272 -1.9694
-2.2198 -1.9655
-2.2125 -1.9616
-2.2053 -1.9577
-2.1981 -1.9539
-2.1910 -1.9502
-2.1839 -1.9464
-2.1770 -1.9427
-2.1701 -1.9391
-2.1632 -1.9354
-2.1565 -1.9318
-2.1497 -1.9282
-2.1431 -1.9247
-2.1365 -1.9212
-2.1300 -1.9177
-2.1235 -1.9143
-2.1171 -1.9109
-2.1107 -1.9075
-2.1044 -1.9041
-2.0982 -1.9008
-2.0920 -1.8975
-2.0859 -1.8942
-2.0798 -1.8909
-2.0737 -1.8877
-2.0678 -1.8845
-2.0618 -1.8813
-2.0559 -1.8782
-2.0501 -1.8751
-2.0443 -1.8720
-2.0386 -1.8689
-2.0329 -1.8659
-2.0273 -1.8628
-2.0217 -1.8598
-2.0161 -1.8569
-2.0106 -1.8539
-2.0052 -1.8510
-1.9997 -1.8481
-1.9944 -1.8452
-1.9890 -1.8423
-1.9837 -1.8395
-1.9785 -1.8366
-1.9733 -1.8338
-1.9681 -1.8311
-1.9630 -1.8283
-1.9579 -1.8255
-1.9528 -1.8228
-1.9478 -1.8201
-1.9428 -1.8174
-1.9379 -1.8148
-1.9330 -1.8121
-1.9281 -1.8095
-1.9233 -1.8069
-1.9185 -1.8043
-1.9137 -1.8017
-1.9090 -1.7992
-1.9043 -1.7966
-1.8996 -1.7941
-1.8950 -1.7916
-1.8904 -1.7891
-1.8859 -1.7866
-1.8813 -1.7842
-1.8768 -1.7817
-1.8724 -1.7793
-1.8679 -1.7769
-1.8635 -1.7745
-1.8591 -1.7721
-1.8548 -1.7698
-1.8505 -1.7674
-1.8462 -1.7651
-1.8419 -1.7628
-1.8377 -1.7605
-1.8335 -1.7582
-1.8293 -1.7559
-1.8252 -1.7537
-1.8210 -1.7514
-1.8169 -1.7492
-1.8129 -1.7470
-1.8088 -1.7448
-1.8048 -1.7426
-1.8008 -1.7404
-1.7969 -1.7382
-1.7929 -1.7361
-1.7890 -1.7339
-1.7851 -1.7318
-1.7812 -1.7297
-1.7774 -1.7276
-1.7736 -1.7255
-1.7698 -1.7234
-1.7660 -1.7214
-1.7622 -1.7193
-1.7585 -1.7173
-1.7548 -1.7152
-1.7511 -1.7132
-1.7475 -1.7112
-1.7438 -1.7092
-1.7402 -1.7072
-1.7366 -1.7052
-1.7330 -1.7033
-1.7295 -1.7013
-1.7260 -1.6994
-1.7224 -1.6974
-1.7155 -1.6936
-1.7086 -1.6898
-1.7018 -1.6861
-1.6950 -1.6823
-1.6884 -1.6787
-1.6818 -1.6750
-1.6753 -1.6714
-1.6688 -1.6679
-1.6625 -1.6643
-1.6562 -1.6608
-1.6499 -1.6574
-1.6437 -1.6540
-1.6376 -1.6506
-1.6316 -1.6472
-1.6256 -1.6439
-1.6197 -1.6406
-1.6138 -1.6373
-1.6080 -1.6341
-1.6022 -1.6309
-1.5966 -1.6277
-1.5909 -1.6245
-1.5853 -1.6214
-1.5798 -1.6183
-1.5743 -1.6153
-1.5689 -1.6122
-1.5635 -1.6092
-1.5582 -1.6062
-1.5529 -1.6033
-1.5477 -1.6003
-1.5425 -1.5974
-1.5374 -1.5945
-1.5323 -1.5916
-1.5272 -1.5888
-1.5222 -1.5860
-1.5173 -1.5832
-1.5124 -1.5804
-1.5075 -1.5777
-1.5027 -1.5749
-1.4979 -1.5722
-1.4931 -1.5695
-1.4884 -1.5669
-1.4838 -1.5642
-1.4791 -1.5616
-1.4745 -1.5590
-1.4700 -1.5564
-1.4655 -1.5538
-1.4610 -1.5513
-1.4565 -1.5487
-1.4521 -1.5462
-1.4477 -1.5437
-1.4434 -1.5412
-1.4391 -1.5388
-1.4348 -1.5363
-1.4306 -1.5339
-1.4264 -1.5315
-1.4222 -1.5291
-1.4180 -1.5267
-1.4139 -1.5243
-1.4098 -1.5220
-1.4058 -1.5197
-1.4017 -1.5173
-1.3977 -1.5150
-1.3938 -1.5128
-1.3898 -1.5105
-1.3859 -1.5082
-1.3820 -1.5060
-1.3782 -1.5038
-1.3743 -1.5015
-1.3705 -1.4993
-1.3667 -1.4971
-1.3630 -1.4950
-1.3592 -1.4928
-1.3555 -1.4907
-1.3519 -1.4885
-1.3482 -1.4864
-1.3446 -1.4843
-1.3410 -1.4822
-1.3374 -1.4801
-1.3338 -1.4780
-1.3303 -1.4759
-1.3268 -1.4739
-1.3233 -1.4719
-1.3198 -1.4698
-1.3146 -1.4668
-1.3095 -1.4638
-1.3044 -1.4608
-1.2994 -1.4579
-1.2944 -1.4549
-1.2894 -1.4520
-1.2846 -1.4491
-1.2797 -1.4463
-1.2749 -1.4434
-1.2701 -1.4406
-1.2654 -1.4378
-1.2607 -1.4350
-1.2560 -1.4323
-1.2514 -1.4296
-1.2468 -1.4268
-1.2423 -1.4241
-1.2378 -1.4214
-1.2333 -1.4188
-1.2289 -1.4161
-1.2245 -1.4135
-1.2201 -1.4109
-1.2158 -1.4083
-1.2114 -1.4057
-1.2072 -1.4032
-1.2029 -1.4006
-1.1987 -1.3981
-1.1945 -1.3956
-1.1904 -1.3931
-1.1863 -1.3906
-1.1822 -1.3881
-1.1781 -1.3857
-1.1741 -1.3832
-1.1701 -1.3808
-1.1661 -1.3784
-1.1621 -1.3760
-1.1582 -1.3736
-1.1543 -1.3712
-1.1504 -1.3689
-1.1466 -1.3665
-1.1427 -1.3642
-1.1389 -1.3619
-1.1351 -1.3595
-1.1314 -1.3572
-1.1277 -1.3550
-1.1239 -1.3527
-1.1202 -1.3504
-1.1166 -1.3482
-1.1129 -1.3459
-1.1093 -1.3437
-1.1057 -1.3415
-1.1021 -1.3392
-1.0985 -1.3370
-1.0950 -1.3348
-1.0915 -1.3327
-1.0880 -1.3305
-1.0845 -1.3283
-1.0810 -1.3262
-1.0775 -1.3240
-1.0741 -1.3219
-1.0707 -1.3198
-1.0673 -1.3176
-1.0628 -1.3148
-1.0583 -1.3120
-1.0539 -1.3092
-1.0495 -1.3065
-1.0451 -1.3037
-1.0407 -1.3010
-1.0364 -1.2982
-1.0321 -1.2955
-1.0278 -1.2928
-1.0235 -1.2901
-1.0193 -1.2875
-1.0151 -1.2848
-1.0109 -1.2821
-1.0067 -1.2795
-1.0026 -1.2768
-0.9985 -1.2742
-0.9944 -1.2716
-0.9903 -1.2690
-0.9862 -1.2664
-0.9822 -1.2638
-0.9782 -1.2613
-0.9742 -1.2587
-0.9702 -1.2561
-0.9663 -1.2536
-0.9624 -1.2510
-0.9584 -1.2485
-0.9545 -1.2460
-0.9507 -1.2435
-0.9468 -1.2410
-0.9429 -1.2385
-0.9391 -1.2360
-0.9353 -1.2335
-0.9315 -1.2310
-0.9277 -1.2285
-0.9240 -1.2261
-0.9202 -1.2236
-0.9165 -1.2212
-0.9127 -1.2187
-0.9090 -1.2163
-0.9053 -1.2138
-0.9016 -1.2114
-0.8980 -1.2090
-0.8943 -1.2065
-0.8907 -1.2041
-0.8870 -1.2017
-0.8834 -1.1993
-0.8798 -1.1969
-0.8762 -1.1945
-0.8726 -1.1921
-0.8690 -1.1897
-0.8655 -1.1873
-0.8619 -1.1850
-0.8584 -1.1826
-0.8548 -1.1802
-0.8513 -1.1778
-0.8478 -1.1755
-0.8443 -1.1731
-0.8408 -1.1707
-0.8373 -1.1684
-0.8338 -1.1660
-0.8303 -1.1637
-0.8268 -1.1613
-0.8234 -1.1590
-0.8199 -1.1566
-0.8165 -1.1543
-0.8131 -1.1519
-0.8096 -1.1496
-0.8062 -1.1472
-0.8028 -1.1449
-0.7994 -1.1425
-0.7960 -1.1402
-0.7926 -1.1379
-0.7892 -1.1355
-0.7858 -1.1332
-0.7824 -1.1309
-0.7791 -1.1285
-0.7757 -1.1262
-0.7723 -1.1239
-0.7690 -1.1215
-0.7656 -1.1192
-0.7623 -1.1169
-0.7589 -1.1145
-0.7556 -1.1122
-0.7522 -1.1099
-0.7489 -1.1075
-0.7456 -1.1052
-0.7423 -1.1029
-0.7389 -1.1005
-0.7356 -1.0982
-0.7323 -1.0959
-0.7290 -1.0935
-0.7257 -1.0912
-0.7224 -1.0888
-0.7191 -1.0865
-0.7158 -1.0842
-0.7125 -1.0818
-0.7092 -1.0795
-0.7059 -1.0771
-0.7026 -1.0748
-0.6993 -1.0724
-0.6960 -1.0701
-0.6927 -1.0677
-0.6895 -1.0654
-0.6862 -1.0630
-0.6829 -1.0607
-0.6796 -1.0583
-0.6763 -1.0559
-0.6731 -1.0536
-0.6698 -1.0512
-0.6665 -1.0488
-0.6632 -1.0465
-0.6600 -1.0441
-0.6567 -1.0417
-0.6534 -1.0393
-0.6502 -1.0369
-0.6469 -1.0346
-0.6436 -1.0322
-0.6403 -1.0298
-0.6371 -1.0274
-0.6338 -1.0250
-0.6305 -1.0226
-0.6272 -1.0202
-0.6240 -1.0178
-0.6207 -1.0153
-0.6174 -1.0129
-0.6141 -1.0105
-0.6109 -1.0081
-0.6076 -1.0056
-0.6043 -1.0032
-0.6010 -1.0008
-0.5978 -0.9983
-0.5945 -0.9959
-0.5912 -0.9934
-0.5879 -0.9910
-0.5846 -0.9885
-0.5813 -0.9861
-0.5780 -0.9836
-0.5748 -0.9811
-0.5715 -0.9786
-0.5682 -0.9762
-0.5649 -0.9737
-0.5616 -0.9712
-0.5583 -0.9687
-0.5550 -0.9662
-0.5517 -0.9637
-0.5484 -0.9612
-0.5450 -0.9587
-0.5417 -0.9561
-0.5384 -0.9536
-0.5351 -0.9511
-0.5318 -0.9485
-0.5285 -0.9460
-0.5251 -0.9435
-0.5218 -0.9409
-0.5185 -0.9383
-0.5151 -0.9358
-0.5118 -0.9332
-0.5085 -0.9306
-0.5051 -0.9281
-0.5018 -0.9255
-0.4984 -0.9229
-0.4951 -0.9203
-0.4917 -0.9177
-0.4883 -0.9151
-0.4850 -0.9124
-0.4816 -0.9098
-0.4782 -0.9072
-0.4749 -0.9046
-0.4715 -0.9019
-0.4681 -0.8993
-0.4647 -0.8966
-0.4613 -0.8940
-0.4579 -0.8913
-0.4545 -0.8886
-0.4511 -0.8859
-0.4477 -0.8832
-0.4443 -0.8806
-0.4409 -0.8779
-0.4375 -0.8752
-0.4341 -0.8724
-0.4307 -0.8697
-0.4272 -0.8670
-0.4238 -0.8643
-0.4204 -0.8615
-0.4169 -0.8588
-0.4135 -0.8560
-0.4100 -0.8533
-0.4066 -0.8505
-0.4031 -0.8477
-0.3996 -0.8449
-0.3962 -0.8421
-0.3927 -0.8393
-0.3892 -0.8365
-0.3857 -0.8337
-0.3823 -0.8309
-0.3788 -0.8281
-0.3753 -0.8252
-0.3718 -0.8224
-0.3683 -0.8196
-0.3648 -0.8167
-0.3612 -0.8138
-0.3577 -0.8110
-0.3542 -0.8081
-0.3507 -0.8052
-0.3471 -0.8023
-0.3436 -0.7994
-0.3401 -0.7965
-0.3365 -0.7936
-0.3330 -0.7907
-0.3294 -0.7877
-0.3259 -0.7848
-0.3223 -0.7818
-0.3187 -0.7789
-0.3151 -0.7759
-0.3116 -0.7729
-0.3080 -0.7700
-0.3044 -0.7670
-0.3008 -0.7640
-0.2972 -0.7610
-0.2936 -0.7580
-0.2900 -0.7550
-0.2864 -0.7519
-0.2827 -0.7489
-0.2791 -0.7459
-0.2755 -0.7428
-0.2718 -0.7397
-0.2682 -0.7367
-0.2646 -0.7336
-0.2609 -0.7305
-0.2573 -0.7274
-0.2536 -0.7243
-0.2499 -0.7212
-0.2463 -0.7181
-0.2426 -0.7150
-0.2389 -0.7119
-0.2352 -0.7087
-0.2316 -0.7056
-0.2279 -0.7024
-0.2242 -0.6993
-0.2205 -0.6961
-0.2168 -0.6929
-0.2130 -0.6897
-0.2093 -0.6865
-0.2056 -0.6833
-0.2019 -0.6801
-0.1982 -0.6769
-0.1944 -0.6737
-0.1907 -0.6704
-0.1869 -0.6672
-0.1832 -0.6639
-0.1794 -0.6607
-0.1757 -0.6574
-0.1719 -0.6541
-0.1682 -0.6509
-0.1644 -0.6476
-0.1606 -0.6443
-0.1568 -0.6410
-0.1530 -0.6376
-0.1493 -0.6343
-0.1455 -0.6310
-0.1417 -0.6277
-0.1379 -0.6243
-0.1341 -0.6210
-0.1303 -0.6176
-0.1264 -0.6142
-0.1226 -0.6108
-0.1188 -0.6075
-0.1150 -0.6041
-0.1112 -0.6007
-0.1073 -0.5973
-0.1035 -0.5938
-0.0997 -0.5904
-0.0958 -0.5870
-0.0920 -0.5835
-0.0881 -0.5801
-0.0843 -0.5766
-0.0804 -0.5732
-0.0765 -0.5697
-0.0727 -0.5662
-0.0688 -0.5627
-0.0649 -0.5592
-0.0611 -0.5557
-0.0572 -0.5522
-0.0533 -0.5487
-0.0494 -0.5452
-0.0455 -0.5417
-0.0416 -0.5381
-0.0377 -0.5346
-0.0338 -0.5310
-0.0299 -0.5275
-0.0260 -0.5239
-0.0221 -0.5203
-0.0182 -0.5168
-0.0143 -0.5132
-0.0104 -0.5096
-0.0065 -0.5060
-0.0026 -0.5024
0.0013 -0.4988
0.0043 -0.4960
0.0072 -0.4933
0.0102 -0.4906
0.0131 -0.4879
0.0161 -0.4851
0.0190 -0.4824
0.0220 -0.4797
0.0249 -0.4769
0.0279 -0.4742
0.0308 -0.4714
0.0338 -0.4687
0.0367 -0.4659
0.0397 -0.4632
0.0426 -0.4604
0.0456 -0.4577
0.0486 -0.4549
0.0515 -0.4521
0.0545 -0.4493
0.0574 -0.4466
0.0604 -0.4438
0.0634 -0.4410
0.0663 -0.4382
0.0693 -0.4354
0.0723 -0.4326
0.0752 -0.4298
0.0782 -0.4270
0.0811 -0.4242
0.0841 -0.4214
0.0871 -0.4186
0.0900 -0.4158
0.0930 -0.4130
0.0960 -0.4101
0.0990 -0.4073
0.1019 -0.4045
0.1049 -0.4017
0.1079 -0.3988
0.1108 -0.3960
0.1138 -0.3931
0.1168 -0.3903
0.1197 -0.3875
0.1227 -0.3846
0.1257 -0.3818
0.1287 -0.3789
0.1316 -0.3761
0.1346 -0.3732
0.1376 -0.3703
0.1405 -0.3675
0.1435 -0.3646
0.1465 -0.3617
0.1495 -0.3589
0.1524 -0.3560
0.1554 -0.3531
0.1584 -0.3502
0.1613 -0.3474
0.1643 -0.3445
0.1673 -0.3416
0.1702 -0.3387
0.1732 -0.3358
0.1762 -0.3329
0.1792 -0.3300
0.1821 -0.3271
0.1851 -0.3242
0.1880 -0.3213
0.1910 -0.3184
0.1940 -0.3155
0.1969 -0.3126
0.1999 -0.3097
0.2029 -0.3068
0.2058 -0.3039
0.2088 -0.3009
0.2118 -0.2980
0.2147 -0.2951
0.2177 -0.2922
0.2206 -0.2893
0.2236 -0.2863
0.2265 -0.2834
0.2295 -0.2805
0.2324 -0.2776
0.2354 -0.2746
0.2383 -0.2717
0.2413 -0.2688
0.2442 -0.2658
0.2472 -0.2629
0.2501 -0.2599
0.2531 -0.2570
0.2560 -0.2541
0.2590 -0.2511
0.2619 -0.2482
0.2648 -0.2452
0.2678 -0.2423
0.2707 -0.2393
0.2736 -0.2364
0.2766 -0.2334
0.2795 -0.2305
0.2824 -0.2275
0.2854 -0.2246
0.2883 -0.2216
0.2912 -0.2187
0.2941 -0.2157
0.2971 -0.2127
0.3000 -0.2098
0.3029 -0.2068
0.3058 -0.2039
0.3087 -0.2009
0.3116 -0.1979
0.3145 -0.1950
0.3174 -0.1920
0.3204 -0.1890
0.3233 -0.1861
0.3262 -0.1831
0.3291 -0.1801
0.3319 -0.1772
0.3348 -0.1742
0.3377 -0.1712
0.3406 -0.1683
0.3435 -0.1653
0.3464 -0.1623
0.3493 -0.1594
0.3522 -0.1564
0.3550 -0.1534
0.3579 -0.1504
0.3608 -0.1475
0.3636 -0.1445
0.3665 -0.1415
0.3694 -0.1386
0.3722 -0.1356
0.3751 -0.1326
0.3780 -0.1297
0.3808 -0.1267
0.3837 -0.1237
0.3865 -0.1207
0.3894 -0.1178
0.3922 -0.1148
0.3950 -0.1118
0.3979 -0.1089
0.4007 -0.1059
0.4035 -0.1029
0.4064 -0.0999
0.4092 -0.0970
0.4120 -0.0940
0.4148 -0.0910
0.4176 -0.0881
0.4205 -0.0851
0.4233 -0.0821
0.4261 -0.0792
0.4289 -0.0762
0.4317 -0.0732
0.4345 -0.0703
0.4373 -0.0673
0.4401 -0.0643
0.4428 -0.0614
0.4456 -0.0584
0.4484 -0.0555
0.4512 -0.0525
0.4540 -0.0495
0.4567 -0.0466
0.4595 -0.0436
0.4623 -0.0407
0.4650 -0.0377
0.4678 -0.0348
0.4705 -0.0318
0.4733 -0.0289
0.4760 -0.0259
0.4788 -0.0229
0.4815 -0.0200
0.4842 -0.0171
0.4870 -0.0141
0.4897 -0.0112
0.4924 -0.0082
0.4951 -0.0053
0.4979 -0.0023
0.5006 0.0006
0.5042 0.0045
0.5078 0.0085
0.5114 0.0124
0.5150 0.0163
0.5186 0.0202
0.5221 0.0241
0.5257 0.0280
0.5293 0.0319
0.5328 0.0358
0.5364 0.0397
0.5399 0.0436
0.5434 0.0475
0.5470 0.0514
0.5505 0.0552
0.5540 0.0591
0.5575 0.0630
0.5610 0.0669
0.5645 0.0707
0.5680 0.0746
0.5714 0.0785
0.5749 0.0823
0.5784 0.0862
0.5818 0.0900
0.5853 0.0939
0.5887 0.0977
0.5921 0.1016
0.5955 0.1054
0.5990 0.1092
0.6024 0.1131
0.6058 0.1169
0.6092 0.1207
0.6125 0.1245
0.6159 0.1284
0.6193 0.1322
0.6226 0.1360
0.6260 0.1398
0.6293 0.1436
0.6327 0.1474
0.6360 0.1512
0.6393 0.1549
0.6426 0.1587
0.6459 0.1625
0.6492 0.1663
0.6525 0.1700
0.6558 0.1738
0.6591 0.1776
0.6623 0.1813
0.6656 0.1851
0.6688 0.1888
0.6721 0.1926
0.6753 0.1963
0.6785 0.2000
0.6817 0.2037
0.6849 0.2075
0.6881 0.2112
0.6913 0.2149
0.6945 0.2186
0.6977 0.2223
0.7008 0.2260
0.7040 0.2297
0.7072 0.2334
0.7103 0.2371
0.7134 0.2408
0.7166 0.2444
0.7197 0.2481
0.7228 0.2518
0.7259 0.2554
0.7290 0.2591
0.7321 0.2627
0.7351 0.2664
0.7382 0.2700
0.7413 0.2737
0.7443 0.2773
0.7474 0.2809
0.7504 0.2845
0.7534 0.2882
0.7565 0.2918
0.7595 0.2954
0.7625 0.2990
0.7655 0.3026
0.7685 0.3062
0.7715 0.3098
0.7744 0.3133
0.7774 0.3169
0.7804 0.3205
0.7833 0.3241
0.7863 0.3276
0.7892 0.3312
0.7921 0.3347
0.7950 0.3383
0.7980 0.3418
0.8009 0.3454
0.8038 0.3489
0.8066 0.3524
0.8095 0.3560
0.8124 0.3595
0.8153 0.3630
0.8181 0.3665
0.8210 0.3700
0.8238 0.3735
0.8267 0.3770
0.8295 0.3805
0.8323 0.3840
0.8351 0.3875
0.8379 0.3910
0.8407 0.3944
0.8435 0.3979
0.8463 0.4014
0.8491 0.4048
0.8519 0.4083
0.8546 0.4117
0.8574 0.4152
0.8601 0.4186
0.8629 0.4221
0.8656 0.4255
0.8684 0.4289
0.8711 0.4324
0.8738 0.4358
0.8765 0.4392
0.8792 0.4426
0.8819 0.4460
0.8846 0.4494
0.8873 0.4528
0.8900 0.4562
0.8926 0.4596
0.8953 0.4630
0.8979 0.4664
0.9006 0.4698
0.9032 0.4732
0.9059 0.4766
0.9085 0.4799
0.9111 0.4833
0.9138 0.4867
0.9164 0.4900
0.9190 0.4934
0.9216 0.4967
0.9242 0.5001
0.9268 0.5034
0.9293 0.5068
0.9319 0.5101
0.9345 0.5135
0.9371 0.5168
0.9396 0.5201
0.9422 0.5235
0.9447 0.5268
0.9473 0.5301
0.9498 0.5334
0.9523 0.5368
0.9549 0.5401
0.9574 0.5434
0.9599 0.5467
0.9624 0.5500
0.9649 0.5533
0.9674 0.5566
0.9699 0.5599
0.9724 0.5632
0.9749 0.5665
0.9774 0.5698
0.9799 0.5731
0.9824 0.5764
0.9848 0.5797
0.9873 0.5830
0.9898 0.5863
0.9922 0.5895
0.9947 0.5928
0.9971 0.5961
0.9996 0.5994
1.0020 0.6027
1.0044 0.6060
1.0069 0.6092
1.0093 0.6125
1.0117 0.6158
1.0141 0.6191
1.0165 0.6223
1.0190 0.6256
1.0214 0.6289
1.0238 0.6322
1.0262 0.6354
1.0286 0.6387
1.0310 0.6420
1.0334 0.6452
1.0357 0.6485
1.0381 0.6518
1.0405 0.6551
1.0429 0.6583
1.0453 0.6616
1.0476 0.6649
1.0500 0.6682
1.0524 0.6714
1.0548 0.6747
1.0571 0.6780
1.0595 0.6813
1.0618 0.6845
1.0642 0.6878
1.0666 0.6911
1.0689 0.6944
1.0713 0.6977
1.0736 0.7010
1.0760 0.7042
1.0783 0.7075
1.0807 0.7108
1.0830 0.7141
1.0853 0.7174
1.0877 0.7207
1.0900 0.7240
1.0924 0.7273
1.0947 0.7306
1.0970 0.7340
1.0994 0.7373
1.1017 0.7406
1.1040 0.7439
1.1064 0.7472
1.1087 0.7506
1.1110 0.7539
1.1134 0.7572
1.1157 0.7606
1.1180 0.7639
1.1204 0.7673
1.1227 0.7706
1.1250 0.7740
1.1274 0.7774
1.1297 0.7807
1.1320 0.7841
1.1344 0.7875
1.1367 0.7909
1.1390 0.7943
1.1414 0.7977
1.1437 0.8011
1.1461 0.8045
1.1484 0.8079
1.1507 0.8113
1.1531 0.8148
1.1554 0.8182
1.1578 0.8217
1.1601 0.8251
1.1625 0.8286
1.1648 0.8320
1.1672 0.8355
1.1696 0.8390
1.1719 0.8425
1.1743 0.8460
1.1766 0.8495
1.1790 0.8530
1.1814 0.8566
1.1838 0.8601
1.1862 0.8637
1.1885 0.8672
1.1909 0.8708
1.1933 0.8744
1.1957 0.8780
1.1981 0.8816
1.2005 0.8852
1.2029 0.8888
1.2053 0.8925
1.2078 0.8961
1.2102 0.8998
1.2126 0.9035
1.2150 0.9072
1.2175 0.9109
1.2199 0.9146
1.2224 0.9183
1.2248 0.9221
1.2273 0.9258
1.2298 0.9296
1.2322 0.9334
1.2347 0.9372
1.2372 0.9410
1.2397 0.9449
1.2422 0.9487
1.2447 0.9526
1.2472 0.9565
1.2498 0.9604
1.2523 0.9643
1.2549 0.9683
1.2574 0.9722
1.2600 0.9762
1.2625 0.9802
1.2651 0.9842
1.2677 0.9883
1.2703 0.9923
1.2729 0.9964
1.2755 1.0005
1.2782 1.0047
1.2808 1.0088
1.2835 1.0130
1.2861 1.0172
1.2888 1.0214
1.2915 1.0256
1.2942 1.0299
1.2969 1.0342
1.2996 1.0385
1.3023 1.0429
1.3051 1.0473
1.3079 1.0517
1.3106 1.0561
1.3134 1.0606
1.3162 1.0650
1.3191 1.0696
1.3212 1.0730
1.3233 1.0764
1.3255 1.0798
1.3276 1.0833
1.3298 1.0868
1.3319 1.0903
1.3341 1.0938
1.3363 1.0974
1.3385 1.1009
1.3407 1.1045
1.3429 1.1081
1.3452 1.1117
1.3474 1.1154
1.3497 1.1190
1.3519 1.1227
1.3542 1.1264
1.3565 1.1301
1.3588 1.1339
1.3611 1.1377
1.3634 1.1415
1.3657 1.1453
1.3681 1.1491
1.3704 1.1530
1.3728 1.1569
1.3752 1.1608
1.3776 1.1648
1.3800 1.1687
1.3824 1.1727
1.3848 1.1768
1.3873 1.1808
1.3898 1.1849
1.3922 1.1890
1.3947 1.1932
1.3972 1.1973
1.3998 1.2015
1.4023 1.2058
1.4049 1.2100
1.4074 1.2143
1.4100 1.2186
1.4126 1.2230
1.4153 1.2274
1.4179 1.2318
1.4206 1.2363
1.4232 1.2408
1.4259 1.2453
1.4286 1.2499
1.4314 1.2545
1.4341 1.2591
1.4369 1.2638
1.4397 1.2685
1.4425 1.2733
1.4453 1.2781
1.4482 1.2829
1.4511 1.2878
1.4540 1.2927
1.4569 1.2977
1.4598 1.3027
1.4628 1.3078
1.4658 1.3129
1.4688 1.3181
1.4708 1.3215
1.4729 1.3250
1.4749 1.3285
1.4770 1.3320
1.4790 1.3356
1.4811 1.3392
1.4832 1.3428
1.4853 1.3464
1.4875 1.3500
1.4896 1.3537
1.4917 1.3574
1.4939 1.3611
1.4961 1.3649
1.4982 1.3686
1.5004 1.3724
1.5026 1.3762
1.5049 1.3801
1.5071 1.3840
1.5094 1.3879
1.5116 1.3918
1.5139 1.3957
1.5162 1.3997
1.5185 1.4037
1.5208 1.4078
1.5232 1.4119
1.5255 1.4160
1.5279 1.4201
1.5303 1.4243
1.5327 1.4285
1.5351 1.4327
1.5375 1.4369
1.5400 1.4412
1.5425 1.4456
1.5450 1.4499
1.5475 1.4543
1.5500 1.4588
1.5525 1.4632
1.5551 1.4677
1.5577 1.4723
1.5603 1.4768
1.5629 1.4814
1.5655 1.4861
1.5682 1.4908
1.5709 1.4955
1.5736 1.5003
1.5763 1.5051
1.5790 1.5099
1.5818 1.5148
1.5846 1.5198
1.5874 1.5247
1.5902 1.5298
1.5931 1.5348
1.5960 1.5399
1.5989 1.5451
1.6018 1.5503
1.6047 1.5555
1.6077 1.5608
1.6107 1.5662
1.6137 1.5716
1.6168 1.5771
1.6199 1.5826
1.6230 1.5881
1.6261 1.5937
1.6293 1.5994
1.6325 1.6051
1.6357 1.6109
1.6389 1.6167
1.6422 1.6226
1.6455 1.6286
1.6489 1.6346
1.6523 1.6407
1.6557 1.6468
1.6591 1.6530
1.6626 1.6593
1.6661 1.6656
1.6696 1.6721
1.6732 1.6785
1.6768 1.6851
1.6805 1.6917
1.6842 1.6984
1.6879 1.7052
1.6917 1.7120
1.6955 1.7189
1.6994 1.7260
1.7013 1.7295
1.7033 1.7330
1.7052 1.7366
1.7072 1.7402
1.7092 1.7438
1.7112 1.7475
1.7132 1.7511
1.7152 1.7548
1.7173 1.7585
1.7193 1.7622
1.7214 1.7660
1.7234 1.7698
1.7255 1.7736
1.7276 1.7774
1.7297 1.7812
1.7318 1.7851
1.7339 1.7890
1.7361 1.7929
1.7382 1.7969
1.7404 1.8008
1.7426 1.8048
1.7448 1.8088
1.7470 1.8129
1.7492 1.8169
1.7514 1.8210
1.7537 1.8252
1.7559 1.8293
1.7582 1.8335
1.7605 1.8377
1.7628 1.8419
1.7651 1.8462
1.7674 1.8505
1.7698 1.8548
1.7721 1.8591
1.7745 1.8635
1.7769 1.8679
1.7793 1.8724
1.7817 1.8768
1.7842 1.8813
1.7866 1.8859
1.7891 1.8904
1.7916 1.8950
1.7941 1.8996
1.7966 1.9043
1.7992 1.9090
1.8017 1.9137
1.8043 1.9185
1.8069 1.9233
1.8095 1.9281
1.8121 1.9330
1.8148 1.9379
1.8174 1.9428
1.8201 1.9478
1.8228 1.9528
1.8255 1.9579
1.8283 1.9630
1.8311 1.9681
1.8338 1.9733
1.8366 1.9785
1.8395 1.9837
1.8423 1.9890
1.8452 1.9944
1.8481 1.9997
1.8510 2.0052
1.8539 2.0106
1.8569 2.0161
1.8598 2.0217
1.8628 2.0273
1.8659 2.0329
1.8689 2.0386
1.8720 2.0443
1.8751 2.0501
1.8782 2.0559
1.8813 2.0618
1.8845 2.0678
1.8877 2.0737
1.8909 2.0798
1.8942 2.0859
1.8975 2.0920
1.9008 2.0982
1.9041 2.1044
1.9075 2.1107
1.9109 2.1171
1.9143 2.1235
1.9177 2.1300
1.9212 2.1365
1.9247 2.1431
1.9282 2.1497
1.9318 2.1565
1.9354 2.1632
1.9391 2.1701
1.9427 2.1770
1.9464 2.1839
1.9502 2.1910
1.9539 2.1981
1.9577 2.2053
1.9616 2.2125
1.9655 2.2198
1.9694 2.2272
1.9733 2.2347
1.9773 2.2422
1.9813 2.2498
1.9854 2.2575
1.9895 2.2652
1.9937 2.2731
1.9979 2.2810
2.0021 2.2890
2.0064 2.2971
2.0107 2.3053
2.0150 2.3136
2.0195 2.3219
2.0239 2.3304
2.0284 2.3389
2.0330 2.3475
2.0376 2.3563
2.0422 2.3651
2.0469 2.3740
2.0517 2.3831
2.0565 2.3922
2.0613 2.4014
2.0662 2.4108
2.0712 2.4202
2.0762 2.4298
2.0813 2.4395
2.0864 2.4493
2.0916 2.4592
2.0969 2.4692
2.1022 2.4794
2.1076 2.4897
2.1131 2.5001
2.1186 2.5106
2.1242 2.5213
2.1298 2.5321
2.1356 2.5431
2.1414 2.5542
2.1472 2.5654
2.1532 2.5768
2.1592 2.5883
2.1653 2.6000
2.1715 2.6119
2.1778 2.6239
2.1841 2.6361
2.1906 2.6485
2.1971 2.6610
2.2037 2.6738
2.2105 2.6867
2.2173 2.6998
2.2242 2.7130
2.2312 2.7265
2.2383 2.7402
2.2455 2.7541
2.2529 2.7682
2.2603 2.7826
2.2679 2.7971
2.2755 2.8119
2.2833 2.8269
2.2912 2.8422
2.2993 2.8577
2.3074 2.8735
2.3157 2.8895
2.3242 2.9058
2.3328 2.9224
2.3415 2.9393
2.3504 2.9565
2.3594 2.9739
2.3686 2.9917
2.3780 3.0098
2.3875 3.0283
2.3972 3.0471
2.4070 3.0662
2.4171 3.0857
2.4274 3.1056
2.4378 3.1259
2.4485 3.1466
2.4593 3.1677
2.4704 3.1892
2.4817 3.2112
2.4932 3.2336
2.5050 3.2566
2.5170 3.2800
2.5293 3.3039
2.5419 3.3284
2.5547 3.3534
2.5678 3.3789
2.5813 3.4051
2.5950 3.4319
2.6091 3.4593
2.6235 3.4875
2.6382 3.5163
2.6533 3.5458
2.6688 3.5761
2.6847 3.6072
2.7010 3.6391
2.7178 3.6718
2.7350 3.7055
2.7526 3.7401
2.7708 3.7757
nan nan
-0.9248 -3.7737
-0.9081 -3.7410
-0.8919 -3.7093
-0.8761 -3.6783
-0.8606 -3.6482
-0.8456 -3.6188
-0.8309 -3.5901
-0.8166 -3.5622
-0.8026 -3.5349
-0.7890 -3.5082
-0.7756 -3.4822
-0.7626 -3.4567
-0.7498 -3.4319
-0.7373 -3.4075
-0.7251 -3.3838
-0.7131 -3.3605
-0.7014 -3.3377
-0.6900 -3.3154
-0.6787 -3.2936
-0.6677 -3.2722
-0.6569 -3.2512
-0.6464 -3.2307
-0.6360 -3.2106
-0.6258 -3.1908
-0.6158 -3.1714
-0.6060 -3.1524
-0.5964 -3.1338
-0.5870 -3.1155
-0.5777 -3.0975
-0.5686 -3.0799
-0.5596 -3.0625
-0.5508 -3.0455
-0.5421 -3.0288
-0.5336 -3.0123
-0.5253 -2.9962
-0.5170 -2.9803
-0.5089 -2.9646
-0.5010 -2.9493
-0.4931 -2.9341
-0.4854 -2.9193
-0.4778 -2.9046
-0.4704 -2.8902
-0.4630 -2.8760
-0.4557 -2.8621
-0.4486 -2.8483
-0.4416 -2.8348
-0.4346 -2.8214
-0.4278 -2.8083
-0.4210 -2.7953
-0.4144 -2.7826
-0.4079 -2.7700
-0.4014 -2.7576
-0.3950 -2.7454
-0.3887 -2.7334
-0.3826 -2.7215
-0.3764 -2.7098
-0.3704 -2.6982
-0.3645 -2.6868
-0.3586 -2.6756
-0.3528 -2.6645
-0.3471 -2.6535
-0.3414 -2.6427
-0.3358 -2.6320
-0.3303 -2.6215
-0.3249 -2.6111
-0.3195 -2.6009
-0.3142 -2.5907
-0.3089 -2.5807
-0.3038 -2.5708
-0.2986 -2.5611
-0.2936 -2.5514
-0.2886 -2.5419
-0.2836 -2.5325
-0.2787 -2.5232
-0.2739 -2.5140
-0.2691 -2.5049
-0.2644 -2.4959
-0.2597 -2.4870
-0.2551 -2.4783
-0.2506 -2.4696
-0.2460 -2.4610
-0.2416 -2.4525
-0.2372 -2.4442
-0.2328 -2.4359
-0.2285 -2.4277
-0.2242 -2.4195
-0.2199 -2.4115
-0.2157 -2.4036
-0.2116 -2.3957
-0.2075 -2.3879
-0.2034 -2.3803
-0.1994 -2.3726
-0.1954 -2.3651
-0.1915 -2.3577
-0.1875 -2.3503
-0.1837 -2.3430
-0.1798 -2.3357
-0.1761 -2.3286
-0.1723 -2.3215
-0.1686 -2.3145
-0.1649 -2.3075
-0.1612 -2.3007
-0.1576 -2.2939
-0.1540 -2.2871
-0.1505 -2.2804
-0.1470 -2.2738
-0.1435 -2.2673
-0.1400 -2.2608
-0.1366 -2.2543
-0.1332 -2.2480
-0.1298 -2.2416
-0.1265 -2.2354
-0.1232 -2.2292
-0.1199 -2.2230
-0.1167 -2.2170
-0.1135 -2.2109
-0.1103 -2.2049
-0.1071 -2.1990
-0.1040 -2.1931
-0.1008 -2.1873
-0.0978 -2.1816
-0.0947 -2.1758
-0.0917 -2.1702
-0.0887 -2.1645
-0.0857 -2.1590
-0.0827 -2.1534
-0.0798 -2.1480
-0.0769 -2.1425
-0.0740 -2.1371
-0.0711 -2.1318
-0.0682 -2.1265
-0.0654 -2.1212
-0.0626 -2.1160
-0.0598 -2.1109
-0.0571 -2.1057
-0.0544 -2.1006
-0.0516 -2.0956
-0.0489 -2.0906
-0.0463 -2.0856
-0.0436 -2.0807
-0.0410 -2.0758
-0.0384 -2.0710
-0.0358 -2.0661
-0.0332 -2.0614
-0.0306 -2.0566
-0.0281 -2.0519
-0.0256 -2.0473
-0.0231 -2.0426
-0.0206 -2.0380
-0.0181 -2.0335
-0.0157 -2.0289
-0.0132 -2.0244
-0.0108 -2.0200
-0.0084 -2.0155
-0.0060 -2.0112
-0.0037 -2.0068
-0.0013 -2.0025
0.0010 -1.9982
0.0033 -1.9939
0.0056 -1.9896
0.0079 -1.9854
0.0102 -1.9813
0.0124 -1.9771
0.0147 -1.9730
0.0169 -1.9689
0.0191 -1.9648
0.0213 -1.9608
0.0235 -1.9568
0.0256 -1.9528
0.0278 -1.9489
0.0299 -1.9449
0.0321 -1.9410
0.0342 -1.9372
0.0363 -1.9333
0.0384 -1.9295
0.0404 -1.9257
0.0425 -1.9219
0.0445 -1.9182
0.0466 -1.9145
0.0486 -1.9108
0.0506 -1.9071
0.0526 -1.9035
0.0546 -1.8998
0.0565 -1.8962
0.0585 -1.8927
0.0605 -1.8891
0.0624 -1.8856
0.0643 -1.8821
0.0681 -1.8751
0.0719 -1.8682
0.0756 -1.8615
0.0793 -1.8548
0.0830 -1.8481
0.0866 -1.8416
0.0901 -1.8352
0.0936 -1.8288
0.0971 -1.8225
0.1006 -1.8162
0.1040 -1.8101
0.1073 -1.8040
0.1107 -1.7980
0.1139 -1.7920
0.1172 -1.7862
0.1204 -1.7803
0.1236 -1.7746
0.1268 -1.7689
0.1299 -1.7633
0.1330 -1.7577
0.1361 -1.7522
0.1391 -1.7468
0.1421 -1.7414
0.1451 -1.7361
0.1480 -1.7308
0.1509 -1.7256
0.1538 -1.7204
0.1567 -1.7153
0.1595 -1.7103
0.1623 -1.7053
0.1651 -1.7003
0.1678 -1.6954
0.1706 -1.6906
0.1733 -1.6858
0.1759 -1.6810
0.1786 -1.6763
0.1812 -1.6716
0.1838 -1.6670
0.1864 -1.6624
0.1890 -1.6579
0.1915 -1.6534
0.1940 -1.6490
0.1965 -1.6446
0.1990 -1.6402
0.2014 -1.6359
0.2039 -1.6316
0.2063 -1.6274
0.2087 -1.6232
0.2110 -1.6190
0.2134 -1.6149
0.2157 -1.6108
0.2180 -1.6067
0.2203 -1.6027
0.2226 -1.5988
0.2248 -1.5948
0.2271 -1.5909
0.2293 -1.5870
0.2315 -1.5832
0.2337 -1.5794
0.2358 -1.5756
0.2380 -1.5718
0.2401 -1.5681
0.2422 -1.5644
0.2443 -1.5608
0.2464 -1.5572
0.2485 -1.5536
0.2505 -1.5500
0.2526 -1.5465
0.2546 -1.5430
0.2566 -1.5395
0.2596 -1.5343
0.2625 -1.5292
0.2654 -1.5242
0.2683 -1.5192
0.2712 -1.5143
0.2740 -1.5094
0.2768 -1.5046
0.2796 -1.4999
0.2823 -1.4952
0.2850 -1.4905
0.2877 -1.4859
0.2903 -1.4814
0.2930 -1.4769
0.2956 -1.4725
0.2982 -1.4681
0.3007 -1.4637
0.3032 -1.4594
0.3057 -1.4552
0.3082 -1.4510
0.3107 -1.4468
0.3131 -1.4427
0.3155 -1.4386
0.3179 -1.4346
0.3203 -1.4306
0.3226 -1.4266
0.3249 -1.4227
0.3272 -1.4188
0.3295 -1.4150
0.3318 -1.4112
0.3340 -1.4074
0.3363 -1.4037
0.3385 -1.4000
0.3406 -1.3964
0.3428 -1.3928
0.3450 -1.3892
0.3471 -1.3856
0.3492 -1.3821
0.3513 -1.3786
0.3534 -1.3752
0.3561 -1.3706
0.3588 -1.3661
0.3615 -1.3617
0.3642 -1.3573
0.3668 -1.3530
0.3694 -1.3487
0.3719 -1.3445
0.3745 -1.3403
0.3770 -1.3362
0.3795 -1.3321
0.3820 -1.3280
0.3844 -1.3240
0.3868 -1.3201
0.3892 -1.3162
0.3916 -1.3123
0.3940 -1.3085
0.3963 -1.3047
0.3986 -1.3010
0.4009 -1.2973
0.4031 -1.2936
0.4054 -1.2900
0.4076 -1.2865
0.4098 -1.2829
0.4120 -1.2794
0.4141 -1.2759
0.4163 -1.2725
0.4184 -1.2691
0.4210 -1.2649
0.4236 -1.2608
0.4262 -1.2567
0.4288 -1.2526
0.4313 -1.2486
0.4338 -1.2447
0.4362 -1.2408
0.4387 -1.2369
0.4411 -1.2331
0.4435 -1.2294
0.4459 -1.2257
0.4482 -1.2220
0.4505 -1.2183
0.4528 -1.2148
0.4551 -1.2112
0.4574 -1.2077
0.4596 -1.2042
0.4618 -1.2008
0.4640 -1.1974
0.4662 -1.1940
0.4688 -1.1901
0.4713 -1.1861
0.4738 -1.1822
0.4763 -1.1784
0.4788 -1.1746
0.4813 -1.1709
0.4837 -1.1672
0.4861 -1.1635
0.4885 -1.1599
0.4908 -1.1564
0.4931 -1.1529
0.4955 -1.1494
0.4977 -1.1459
0.5000 -1.1425
0.5022 -1.1392
0.5048 -1.1353
0.5074 -1.1315
0.5099 -1.1277
0.5124 -1.1240
0.5149 -1.1203
0.5174 -1.1167
0.5198 -1.1131
0.5222 -1.1096
0.5246 -1.1061
0.5269 -1.1026
0.5293 -1.0992
0.5316 -1.0958
0.5339 -1.0925
0.5365 -1.0888
0.5390 -1.0850
0.5416 -1.0814
0.5441 -1.0778
0.5466 -1.0742
0.5490 -1.0707
0.5515 -1.0672
0.5539 -1.0638
0.5563 -1.0604
0.5587 -1.0570
0.5610 -1.0537
0.5633 -1.0504
0.5659 -1.0468
0.5685 -1.0432
0.5710 -1.0397
0.5735 -1.0362
0.5760 -1.0327
0.5785 -1.0293
0.5809 -1.0260
0.5833 -1.0226
0.5857 -1.0193
0.5881 -1.0161
0.5907 -1.0125
0.5933 -1.0090
0.5959 -1.0056
0.5984 -1.0021
0.6009 -0.9987
0.6034 -0.9954
0.6059 -0.9921
0.6084 -0.9888
0.6108 -0.9856
0.6134 -0.9821
0.6160 -0.9787
0.6186 -0.9752
0.6212 -0.9719
0.6238 -0.9685
0.6263 -0.9653
0.6288 -0.9620
0.6313 -0.9588
0.6338 -0.9556
0.6365 -0.9522
0.6391 -0.9488
0.6417 -0.9455
0.6444 -0.9422
0.6469 -0.9389
0.6495 -0.9357
0.6521 -0.9325
0.6546 -0.9293
0.6571 -0.9262
0.6598 -0.9229
0.6625 -0.9196
0.6652 -0.9163
0.6678 -0.9130
0.6704 -0.9099
0.6731 -0.9067
0.6757 -0.9036
0.6782 -0.9005
0.6808 -0.8974
0.6835 -0.8941
0.6863 -0.8909
0.6890 -0.8877
0.6917 -0.8845
0.6944 -0.8813
0.6971 -0.8782
0.6997 -0.8751
0.7024 -0.8721
0.7050 -0.8691
0.7078 -0.8658
0.7106 -0.8626
0.7134 -0.8595
0.7162 -0.8563
0.7190 -0.8532
0.7217 -0.8501
0.7245 -0.8471
0.7272 -0.8440
0.7300 -0.8410
0.7327 -0.8380
0.7355 -0.8350
0.7382 -0.8321
0.7409 -0.8291
0.7438 -0.8260
0.7467 -0.8229
0.7496 -0.8199
0.7525 -0.8168
0.7554 -0.8137
0.7583 -0.8107
0.7611 -0.8077
0.7640 -0.8047
0.7669 -0.8017
0.7698 -0.7987
0.7727 -0.7958
0.7756 -0.7928
0.7785 -0.7899
0.7815 -0.7869
0.7844 -0.7840
0.7873 -0.7811
0.7902 -0.7782
0.7932 -0.7753
0.7961 -0.7724
0.7991 -0.7695
0.8021 -0.7666
0.8051 -0.7637
0.8081 -0.7608
0.8111 -0.7579
0.8141 -0.7550
0.8172 -0.7521
0.8202 -0.7492
0.8233 -0.7463
0.8264 -0.7434
0.8295 -0.7405
0.8325 -0.7378
0.8354 -0.7351
0.8384 -0.7324
0.8414 -0.7296
0.8444 -0.7269
0.8475 -0.7241
0.8506 -0.7214
0.8536 -0.7186
0.8568 -0.7158
0.8599 -0.7131
0.8631 -0.7103
0.8663 -0.7075
0.8695 -0.7046
0.8725 -0.7020
0.8756 -0.6993
0.8787 -0.6967
0.8818 -0.6940
0.8849 -0.6913
0.8881 -0.6886
0.8913 -0.6859
0.8946 -0.6832
0.8979 -0.6804
0.9009 -0.6778
0.9040 -0.6753
0.9072 -0.6727
0.9103 -0.6700
0.9135 -0.6674
0.9168 -0.6648
0.9201 -0.6621
0.9234 -0.6594
0.9267 -0.6567
0.9298 -0.6542
0.9330 -0.6516
0.9362 -0.6491
0.9394 -0.6465
0.9427 -0.6439
0.9460 -0.6413
0.9494 -0.6387
0.9528 -0.6360
0.9562 -0.6333
0.9594 -0.6309
0.9626 -0.6284
0.9658 -0.6259
0.9691 -0.6233
0.9725 -0.6208
0.9759 -0.6182
0.9793 -0.6156
0.9827 -0.6129
0.9863 -0.6103
0.9895 -0.6079
0.9928 -0.6054
0.9961 -0.6029
0.9994 -0.6004
1.0028 -0.5979
1.0062 -0.5954
1.0097 -0.5928
1.0132 -0.5902
1.0168 -0.5876
1.0201 -0.5852
1.0234 -0.5828
1.0267 -0.5804
1.0301 -0.5779
1.0335 -0.5755
1.0369 -0.5730
1.0405 -0.5705
1.0440 -0.5679
1.0476 -0.5653
1.0512 -0.5628
1.0545 -0.5604
1.0579 -0.5581
1.0612 -0.5557
1.0646 -0.5533
1.0681 -0.5509
1.0716 -0.5484
1.0751 -0.5460
1.0787 -0.5435
1.0823 -0.5410
1.0860 -0.5384
1.0897 -0.5358
1.0930 -0.5336
1.0963 -0.5313
1.0997 -0.5290
1.1031 -0.5266
1.1066 -0.5242
1.1101 -0.5219
1.1136 -0.5195
1.1172 -0.5170
1.1208 -0.5146
1.1245 -0.5121
1.1283 -0.5096
1.1320 -0.5070
1.1359 -0.5045
1.1397 -0.5019
1.1431 -0.4996
1.1465 -0.4974
1.1500 -0.4951
1.1534 -0.4928
1.1570 -0.4904
1.1605 -0.4881
1.1641 -0.4857
1.1678 -0.4833
1.1715 -0.4809
1.1752 -0.4784
1.1790 -0.4759
1.1829 -0.4734
1.1868 -0.4709
1.1907 -0.4683
1.1947 -0.4657
1.1981 -0.4636
1.2015 -0.4614
1.2049 -0.4591
1.2084 -0.4569
1.2119 -0.4546
1.2155 -0.4524
1.2191 -0.4501
1.2227 -0.4477
1.2264 -0.4454
1.2301 -0.4430
1.2339 -0.4406
1.2377 -0.4382
1.2416 -0.4357
1.2455 -0.4333
1.2494 -0.4308
1.2534 -0.4283
1.2575 -0.4257
1.2616 -0.4231
1.2658 -0.4205
1.2700 -0.4179
1.2734 -0.4158
1.2768 -0.4136
1.2803 -0.4114
1.2838 -0.4093
1.2873 -0.4070
1.2909 -0.4048
1.2946 -0.4026
1.2982 -0.4003
1.3019 -0.3980
1.3057 -0.3957
1.3095 -0.3934
1.3133 -0.3910
1.3172 -0.3886
1.3211 -0.3862
1.3250 -0.3838
1.3290 -0.3814
1.3331 -0.3789
1.3372 -0.3764
1.3413 -0.3739
1.3455 -0.3713
1.3498 -0.3687
1.3541 -0.3661
1.3584 -0.3635
1.3628 -0.3608
1.3673 -0.3581
1.3718 -0.3554
1.3763 -0.3527
1.3798 -0.3506
1.3833 -0.3485
1.3868 -0.3464
1.3904 -0.3442
1.3940 -0.3421
1.3976 -0.3399
1.4012 -0.3377
1.4049 -0.3355
1.4087 -0.3333
1.4125 -0.3310
1.4163 -0.3288
1.4201 -0.3265
1.4240 -0.3242
1.4279 -0.3218
1.4319 -0.3195
1.4359 -0.3171
1.4400 -0.3147
1.4440 -0.3123
1.4482 -0.3099
1.4524 -0.3074
1.4566 -0.3049
1.4609 -0.3024
1.4652 -0.2999
1.4695 -0.2973
1.4739 -0.2947
1.4784 -0.2921
1.4829 -0.2895
1.4875 -0.2868
1.4921 -0.2841
1.4967 -0.2814
1.5015 -0.2786
1.5062 -0.2759
1.5111 -0.2731
1.5159 -0.2702
1.5209 -0.2674
1.5259 -0.2645
1.5309 -0.2615
1.5361 -0.2586
1.5412 -0.2556
1.5447 -0.2536
1.5482 -0.2515
1.5518 -0.2495
1.5554 -0.2474
1.5590 -0.2454
1.5626 -0.2433
1.5663 -0.2412
1.5700 -0.2390
1.5737 -0.2369
1.5775 -0.2347
1.5813 -0.2326
1.5851 -0.2304
1.5890 -0.2282
1.5928 -0.2259
1.5968 -0.2237
1.6007 -0.2214
1.6047 -0.2192
1.6088 -0.2169
1.6128 -0.2145
1.6169 -0.2122
1.6211 -0.2098
1.6253 -0.2075
1.6295 -0.2051
1.6338 -0.2026
1.6381 -0.2002
1.6424 -0.1977
1.6468 -0.1953
1.6512 -0.1928
1.6557 -0.1902
1.6602 -0.1877
1.6647 -0.1851
1.6693 -0.1825
1.6740 -0.1799
1.6786 -0.1773
1.6834 -0.1746
1.6882 -0.1719
1.6930 -0.1692
1.6979 -0.1665
1.7028 -0.1637
1.7078 -0.1609
1.7128 -0.1581
1.7179 -0.1553
1.7230 -0.1524
1.7282 -0.1495
1.7334 -0.1466
1.7387 -0.1436
1.7441 -0.1406
1.7495 -0.1376
1.7550 -0.1345
1.7605 -0.1315
1.7661 -0.1284
1.7717 -0.1252
1.7775 -0.1220
1.7832 -0.1188
1.7891 -0.1156
1.7950 -0.1123
1.8010 -0.1090
1.8070 -0.1056
1.8132 -0.1023
1.8193 -0.0988
1.8256 -0.0954
1.8320 -0.0919
1.8384 -0.0883
1.8449 -0.0848
1.8514 -0.0811
1.8581 -0.0775
1.8648 -0.0738
1.8717 -0.0700
1.8786 -0.0662
1.8856 -0.0624
1.8891 -0.0605
1.8927 -0.0585
1.8962 -0.0565
1.8998 -0.0546
1.9035 -0.0526
1.9071 -0.0506
1.9108 -0.0486
1.9145 -0.0466
1.9182 -0.0445
1.9219 -0.0425
1.9257 -0.0404
1.9295 -0.0384
1.9333 -0.0363
1.9372 -0.0342
1.9410 -0.0321
1.9449 -0.0299
1.9489 -0.0278
1.9528 -0.0256
1.9568 -0.0235
1.9608 -0.0213
1.9648 -0.0191
1.9689 -0.0169
1.9730 -0.0147
1.9771 -0.0124
1.9813 -0.0102
1.9854 -0.0079
1.9896 -0.0056
1.9939 -0.0033
1.9982 -0.0010
2.0025 0.0013
2.0068 0.0037
2.0112 0.0060
2.0155 0.0084
2.0200 0.0108
2.0244 0.0132
2.0289 0.0157
2.0335 0.0181
2.0380 0.0206
2.0426 0.0231
2.0473 0.0256
2.0519 0.0281
2.0566 0.0306
2.0614 0.0332
2.0661 0.0358
2.0710 0.0384
2.0758 0.0410
2.0807 0.0436
2.0856 0.0463
2.0906 0.0489
2.0956 0.0516
2.1006 0.0544
2.1057 0.0571
2.1109 0.0598
2.1160 0.0626
2.1212 0.0654
2.1265 0.0682
2.1318 0.0711
2.1371 0.0740
2.1425 0.0769
2.1480 0.0798
2.1534 0.0827
2.1590 0.0857
2.1645 0.0887
2.1702 0.0917
2.1758 0.0947
2.1816 0.0978
2.1873 0.1008
2.1931 0.1040
2.1990 0.1071
2.2049 0.1103
2.2109 0.1135
2.2170 0.1167
2.2230 0.1199
2.2292 0.1232
2.2354 0.1265
2.2416 0.1298
2.2480 0.1332
2.2543 0.1366
2.2608 0.1400
2.2673 0.1435
2.2738 0.1470
2.2804 0.1505
2.2871 0.1540
2.2939 0.1576
2.3007 0.1612
2.3075 0.1649
2.3145 0.1686
2.3215 0.1723
2.3286 0.1761
2.3357 0.1798
2.3430 0.1837
2.3503 0.1875
2.3577 0.1915
2.3651 0.1954
2.3726 0.1994
2.3803 0.2034
2.3879 0.2075
2.3957 0.2116
2.4036 0.2157
2.4115 0.2199
2.4195 0.2242
2.4277 0.2285
2.4359 0.2328
2.4442 0.2372
2.4525 0.2416
2.4610 0.2460
2.4696 0.2506
2.4783 0.2551
2.4870 0.2597
2.4959 0.2644
2.5049 0.2691
2.5140 0.2739
2.5232 0.2787
2.5325 0.2836
2.5419 0.2886
2.5514 0.2936
2.5611 0.2986
2.5708 0.3038
2.5807 0.3089
2.5907 0.3142
2.6009 0.3195
2.6111 0.3249
2.6215 0.3303
2.6320 0.3358
2.6427 0.3414
2.6535 0.3471
2.6645 0.3528
2.6756 0.3586
2.6868 0.3645
2.6982 0.3704
2.7098 0.3764
2.7215 0.3826
2.7334 0.3887
2.7454 0.3950
2.7576 0.4014
2.7700 0.4079
2.7826 0.4144
2.7953 0.4210
2.8083 0.4278
2.8214 0.4346
2.8348 0.4416
2.8483 0.4486
2.8621 0.4557
2.8760 0.4630
2.8902 0.4704
2.9046 0.4778
2.9193 0.4854
2.9341 0.4931
2.9493 0.5010
2.9646 0.5089
2.9803 0.5170
2.9962 0.5253
3.0123 0.5336
3.0288 0.5421
3.0455 0.5508
3.0625 0.5596
3.0799 0.5686
3.0975 0.5777
3.1155 0.5870
3.1338 0.5964
3.1524 0.6060
3.1714 0.6158
3.1908 0.6258
3.2106 0.6360
3.2307 0.6464
3.2512 0.6569
3.2722 0.6677
3.2936 0.6787
3.3154 0.6900
3.3377 0.7014
3.3605 0.7131
3.3838 0.7251
3.4075 0.7373
3.4319 0.7498
3.4567 0.7626
3.4822 0.7756
3.5082 0.7890
3.5349 0.8026
3.5622 0.8166
3.5901 0.8309
3.6188 0.8456
3.6482 0.8606
3.6783 0.8761
3.7093 0.8919
3.7410 0.9081
3.7737 0.9248
nan nan
2.7708 -3.7757
2.7526 -3.7401
2.7350 -3.7055
2.7178 -3.6718
2.7010 -3.6391
2.6847 -3.6072
2.6688 -3.5761
2.6533 -3.5458
2.6382 -3.5163
2.6235 -3.4875
2.6091 -3.4593
2.5950 -3.4319
2.5813 -3.4051
2.5678 -3.3789
2.5547 -3.3534
2.5419 -3.3284
2.5293 -3.3039
2.5170 -3.2800
2.5050 -3.2566
2.4932 -3.2336
2.4817 -3.2112
2.4704 -3.1892
2.4593 -3.1677
2.4485 -3.1466
2.4378 -3.1259
2.4274 -3.1056
2.4171 -3.0857
2.4070 -3.0662
2.3972 -3.0471
2.3875 -3.0283
2.3780 -3.0098
2.3686 -2.9917
2.3594 -2.9739
2.3504 -2.9565
2.3415 -2.9393
2.3328 -2.9224
2.3242 -2.9058
2.3157 -2.8895
2.3074 -2.8735
2.2993 -2.8577
2.2912 -2.8422
2.2833 -2.8269
2.2755 -2.8119
2.2679 -2.7971
2.2603 -2.7826
2.2529 -2.7682
2.2455 -2.7541
2.2383 -2.7402
2.2312 -2.7265
2.2242 -2.7130
2.2173 -2.6998
2.2105 -2.6867
2.2037 -2.6738
2.1971 -2.6610
2.1906 -2.6485
2.1841 -2.6361
2.1778 -2.6239
2.1715 -2.6119
2.1653 -2.6000
2.1592 -2.5883
2.1532 -2.5768
2.1472 -2.5654
2.1414 -2.5542
2.1356 -2.5431
2.1298 -2.5321
2.1242 -2.5213
2.1186 -2.5106
2.1131 -2.5001
2.1076 -2.4897
2.1022 -2.4794
2.0969 -2.4692
2.0916 -2.4592
2.0864 -2.4493
2.0813 -2.4395
2.0762 -2.4298
2.0712 -2.4202
2.0662 -2.4108
2.0613 -2.4014
2.0565 -2.3922
2.0517 -2.3831
2.0469 -2.3740
2.0422 -2.3651
2.0376 -2.3563
2.0330 -2.3475
2.0284 -2.3389
2.0239 -2.3304
2.0195 -2.3219
2.0150 -2.3136
2.0107 -2.3053
2.0064 -2.2971
2.0021 -2.2890
1.9979 -2.2810
1.9937 -2.2731
1.9895 -2.2652
1.9854 -2.2575
1.9813 -2.2498
1.9773 -2.2422
1.9733 -2.2347
1.9694 -2.2272
1.9655 -2.2198
1.9616 -2.2125
1.9577 -2.2053
1.9539 -2.1981
1.9502 -2.1910
1.9464 -2.1839
1.9427 -2.1770
1.9391 -2.1701
1.9354 -2.1632
1.9318 -2.1565
1.9282 -2.1497
1.9247 -2.1431
1.9212 -2.1365
1.9177 -2.1300
1.9143 -2.1235
1.9109 -2.1171
1.9075 -2.1107
1.9041 -2.1044
1.9008 -2.0982
1.8975 -2.0920
1.8942 -2.0859
1.8909 -2.0798
1.8877 -2.0737
1.8845 -2.0678
1.8813 -2.0618
1.8782 -2.0559
1.8751 -2.0501
1.8720 -2.0443
1.8689 -2.0386
1.8659 -2.0329
1.8628 -2.0273
1.8598 -2.0217
1.8569 -2.0161
1.8539 -2.0106
1.8510 -2.0052
1.8481 -1.9997
1.8452 -1.9944
1.8423 -1.9890
1.8395 -1.9837
1.8366 -1.9785
1.8338 -1.9733
1.8311 -1.9681
1.8283 -1.9630
1.8255 -1.9579
1.8228 -1.9528
1.8201 -1.9478
1.8174 -1.9428
1.8148 -1.9379
1.8121 -1.9330
1.8095 -1.9281
1.8069 -1.9233
1.8043 -1.9185
1.8017 -1.9137
1.7992 -1.9090
1.7966 -1.9043
1.7941 -1.8996
1.7916 -1.8950
1.7891 -1.8904
1.7866 -1.8859
1.7842 -1.8813
1.7817 -1.8768
1.7793 -1.8724
1.7769 -1.8679
1.7745 -1.8635
1.7721 -1.8591
1.7698 -1.8548
1.7674 -1.8505
1.7651 -1.8462
1.7628 -1.8419
1.7605 -1.8377
1.7582 -1.8335
1.7559 -1.8293
1.7537 -1.8252
1.7514 -1.8210
1.7492 -1.8169
1.7470 -1.8129
1.7448 -1.8088
1.7426 -1.8048
1.7404 -1.8008
1.7382 -1.7969
1.7361 -1.7929
1.7339 -1.7890
1.7318 -1.7851
1.7297 -1.7812
1.7276 -1.7774
1.7255 -1.7736
1.7234 -1.7698
1.7214 -1.7660
1.7193 -1.7622
1.7173 -1.7585
1.7152 -1.7548
1.7132 -1.7511
1.7112 -1.7475
1.7092 -1.7438
1.7072 -1.7402
1.7052 -1.7366
1.7033 -1.7330
1.7013 -1.7295
1.6994 -1.7260
1.6974 -1.7224
1.6936 -1.7155
1.6898 -1.7086
1.6861 -1.7018
1.6823 -1.6950
1.6787 -1.6884
1.6750 -1.6818
1.6714 -1.6753
1.6679 -1.6688
1.6643 -1.6625
1.6608 -1.6562
1.6574 -1.6499
1.6540 -1.6437
1.6506 -1.6376
1.6472 -1.6316
1.6439 -1.6256
1.6406 -1.6197
1.6373 -1.6138
1.6341 -1.6080
1.6309 -1.6022
1.6277 -1.5966
1.6245 -1.5909
1.6214 -1.5853
1.6183 -1.5798
1.6153 -1.5743
1.6122 -1.5689
1.6092 -1.5635
1.6062 -1.5582
1.6033 -1.5529
1.6003 -1.5477
1.5974 -1.5425
1.5945 -1.5374
1.5916 -1.5323
1.5888 -1.5272
1.5860 -1.5222
1.5832 -1.5173
1.5804 -1.5124
1.5777 -1.5075
1.5749 -1.5027
1.5722 -1.4979
1.5695 -1.4931
1.5669 -1.4884
1.5642 -1.4838
1.5616 -1.4791
1.5590 -1.4745
1.5564 -1.4700
1.5538 -1.4655
1.5513 -1.4610
1.5487 -1.4565
1.5462 -1.4521
1.5437 -1.4477
1.5412 -1.4434
1.5388 -1.4391
1.5363 -1.4348
1.5339 -1.4306
1.5315 -1.4264
1.5291 -1.4222
1.5267 -1.4180
1.5243 -1.4139
1.5220 -1.4098
1.5197 -1.4058
1.5173 -1.4017
1.5150 -1.3977
1.5128 -1.3938
1.5105 -1.3898
1.5082 -1.3859
1.5060 -1.3820
1.5038 -1.3782
1.5015 -1.3743
1.4993 -1.3705
1.4971 -1.3667
1.4950 -1.3630
1.4928 -1.3592
1.4907 -1.3555
1.4885 -1.3519
1.4864 -1.3482
1.4843 -1.3446
1.4822 -1.3410
1.4801 -1.3374
1.4780 -1.3338
1.4759 -1.3303
1.4739 -1.3268
1.4719 -1.3233
1.4698 -1.3198
1.4668 -1.3146
1.4638 -1.3095
1.4608 -1.3044
1.4579 -1.2994
1.4549 -1.2944
1.4520 -1.2894
1.4491 -1.2846
1.4463 -1.2797
1.4434 -1.2749
1.4406 -1.2701
1.4378 -1.2654
1.4350 -1.2607
1.4323 -1.2560
1.4296 -1.2514
1.4268 -1.2468
1.4241 -1.2423
1.4214 -1.2378
1.4188 -1.2333
1.4161 -1.2289
1.4135 -1.2245
1.4109 -1.2201
1.4083 -1.2158
1.4057 -1.2114
1.4032 -1.2072
1.4006 -1.2029
1.3981 -1.1987
1.3956 -1.1945
1.3931 -1.1904
1.3906 -1.1863
1.3881 -1.1822
1.3857 -1.1781
1.3832 -1.1741
1.3808 -1.1701
1.3784 -1.1661
1.3760 -1.1621
1.3736 -1.1582
1.3712 -1.1543
1.3689 -1.1504
1.3665 -1.1466
1.3642 -1.1427
1.3619 -1.1389
1.3595 -1.1351
1.3572 -1.1314
1.3550 -1.1277
1.3527 -1.1239
1.3504 -1.1202
1.3482 -1.1166
1.3459 -1.1129
1.3437 -1.1093
1.3415 -1.1057
1.3392 -1.1021
1.3370 -1.0985
1.3348 -1.0950
1.3327 -1.0915
1.3305 -1.0880
1.3283 -1.0845
1.3262 -1.0810
1.3240 -1.0775
1.3219 -1.0741
1.3198 -1.0707
1.3176 -1.0673
1.3148 -1.0628
1.3120 -1.0583
1.3092 -1.0539
1.3065 -1.0495
1.3037 -1.0451
1.3010 -1.0407
1.2982 -1.0364
1.2955 -1.0321
1.2928 -1.0278
1.2901 -1.0235
1.2875 -1.0193
1.2848 -1.0151
1.2821 -1.0109
1.2795 -1.0067
1.2768 -1.0026
1.2742 -0.9985
1.2716 -0.9944
1.2690 -0.9903
1.2664 -0.9862
1.2638 -0.9822
1.2613 -0.9782
1.2587 -0.9742
1.2561 -0.9702
1.2536 -0.9663
1.2510 -0.9624
1.2485 -0.9584
1.2460 -0.9545
1.2435 -0.9507
1.2410 -0.9468
1.2385 -0.9429
1.2360 -0.9391
1.2335 -0.9353
1.2310 -0.9315
1.2285 -0.9277
1.2261 -0.9240
1.2236 -0.9202
1.2212 -0.9165
1.2187 -0.9127
1.2163 -0.9090
1.2138 -0.9053
1.2114 -0.9016
1.2090 -0.8980
1.2065 -0.8943
1.2041 -0.8907
1.2017 -0.8870
1.1993 -0.8834
1.1969 -0.8798
1.1945 -0.8762
1.1921 -0.8726
1.1897 -0.8690
1.1873 -0.8655
1.1850 -0.8619
1.1826 -0.8584
1.1802 -0.8548
1.1778 -0.8513
1.1755 -0.8478
1.1731 -0.8443
1.1707 -0.8408
1.1684 -0.8373
1.1660 -0.8338
1.1637 -0.8303
1.1613 -0.8268
1.1590 -0.8234
1.1566 -0.8199
1.1543 -0.8165
1.1519 -0.8131
1.1496 -0.8096
1.1472 -0.8062
1.1449 -0.8028
1.1425 -0.7994
1.1402 -0.7960
1.1379 -0.7926
1.1355 -0.7892
1.1332 -0.7858
1.1309 -0.7824
1.1285 -0.7791
1.1262 -0.7757
1.1239 -0.7723
1.1215 -0.7690
1.1192 -0.7656
1.1169 -0.7623
1.1145 -0.7589
1.1122 -0.7556
1.1099 -0.7522
1.1075 -0.7489
1.1052 -0.7456
1.1029 -0.7423
1.1005 -0.7389
1.0982 -0.7356
1.0959 -0.7323
1.0935 -0.7290
1.0912 -0.7257
1.0888 -0.7224
1.0865 -0.7191
1.0842 -0.7158
1.0818 -0.7125
1.0795 -0.7092
1.0771 -0.7059
1.0748 -0.7026
1.0724 -0.6993
1.0701 -0.6960
1.0677 -0.6927
1.0654 -0.6895
1.0630 -0.6862
1.0607 -0.6829
1.0583 -0.6796
1.0559 -0.6763
1.0536 -0.6731
1.0512 -0.6698
1.0488 -0.6665
1.0465 -0.6632
1.0441 -0.6600
1.0417 -0.6567
1.0393 -0.6534
1.0369 -0.6502
1.0346 -0.6469
1.0322 -0.6436
1.0298 -0.6403
1.0274 -0.6371
1.0250 -0.6338
1.0226 -0.6305
1.0202 -0.6272
1.0178 -0.6240
1.0153 -0.6207
1.0129 -0.6174
1.0105 -0.6141
1.0081 -0.6109
1.0056 -0.6076
1.0032 -0.6043
1.0008 -0.6010
0.9983 -0.5978
0.9959 -0.5945
0.9934 -0.5912
0.9910 -0.5879
0.9885 -0.5846
0.9861 -0.5813
0.9836 -0.5780
0.9811 -0.5748
0.9786 -0.5715
0.9762 -0.5682
0.9737 -0.5649
0.9712 -0.5616
0.9687 -0.5583
0.9662 -0.5550
0.9637 -0.5517
0.9612 -0.5484
0.9587 -0.5450
0.9561 -0.5417
0.9536 -0.5384
0.9511 -0.5351
0.9485 -0.5318
0.9460 -0.5285
0.9435 -0.5251
0.9409 -0.5218
0.9383 -0.5185
0.9358 -0.5151
0.9332 -0.5118
0.9306 -0.5085
0.9281 -0.5051
0.9255 -0.5018
0.9229 -0.4984
0.9203 -0.4951
0.9177 -0.4917
0.9151 -0.4883
0.9124 -0.4850
0.9098 -0.4816
0.9072 -0.4782
0.9046 -0.4749
0.9019 -0.4715
0.8993 -0.4681
0.8966 -0.4647
0.8940 -0.4613
0.8913 -0.4579
0.8886 -0.4545
0.8859 -0.4511
0.8832 -0.4477
0.8806 -0.4443
0.8779 -0.4409
0.8752 -0.4375
0.8724 -0.4341
0.8697 -0.4307
0.8670 -0.4272
0.8643 -0.4238
0.8615 -0.4204
0.8588 -0.4169
0.8560 -0.4135
0.8533 -0.4100
0.8505 -0.4066
0.8477 -0.4031
0.8449 -0.3996
0.8421 -0.3962
0.8393 -0.3927
0.8365 -0.3892
0.8337 -0.3857
0.8309 -0.3823
0.8281 -0.3788
0.8252 -0.3753
0.8224 -0.3718
0.8196 -0.3683
0.8167 -0.3648
0.8138 -0.3612
0.8110 -0.3577
0.8081 -0.3542
0.8052 -0.3507
0.8023 -0.3471
0.7994 -0.3436
0.7965 -0.3401
0.7936 -0.3365
0.7907 -0.3330
0.7877 -0.3294
0.7848 -0.3259
0.7818 -0.3223
0.7789 -0.3187
0.7759 -0.3151
0.7729 -0.3116
0.7700 -0.3080
0.7670 -0.3044
0.7640 -0.3008
0.7610 -0.2972
0.7580 -0.2936
0.7550 -0.2900
0.7519 -0.2864
0.7489 -0.2827
0.7459 -0.2791
0.7428 -0.2755
0.7397 -0.2718
0.7367 -0.2682
0.7336 -0.2646
0.7305 -0.2609
0.7274 -0.2573
0.7243 -0.2536
0.7212 -0.2499
0.7181 -0.2463
0.7150 -0.2426
0.7119 -0.2389
0.7087 -0.2352
0.7056 -0.2316
0.7024 -0.2279
0.6993 -0.2242
0.6961 -0.2205
0.6929 -0.2168
0.6897 -0.2130
0.6865 -0.2093
0.6833 -0.2056
0.6801 -0.2019
0.6769 -0.1982
0.6737 -0.1944
0.6704 -0.1907
0.6672 -0.1869
0.6639 -0.1832
0.6607 -0.1794
0.6574 -0.1757
0.6541 -0.1719
0.6509 -0.1682
0.6476 -0.1644
0.6443 -0.1606
0.6410 -0.1568
0.6376 -0.1530
0.6343 -0.1493
0.6310 -0.1455
0.6277 -0.1417
0.6243 -0.1379
0.6210 -0.1341
0.6176 -0.1303
0.6142 -0.1264
0.6108 -0.1226
0.6075 -0.1188
0.6041 -0.1150
0.6007 -0.1112
0.5973 -0.1073
0.5938 -0.1035
0.5904 -0.0997
0.5870 -0.0958
0.5835 -0.0920
0.5801 -0.0881
0.5766 -0.0843
0.5732 -0.0804
0.5697 -0.0765
0.5662 -0.0727
0.5627 -0.0688
0.5592 -0.0649
0.5557 -0.0611
0.5522 -0.0572
0.5487 -0.0533
0.5452 -0.0494
0.5417 -0.0455
0.5381 -0.0416
0.5346 -0.0377
0.5310 -0.0338
0.5275 -0.0299
0.5239 -0.0260
0.5203 -0.0221
0.5168 -0.0182
0.5132 -0.0143
0.5096 -0.0104
0.5060 -0.0065
0.5024 -0.0026
0.4988 0.0013
0.4960 0.0043
0.4933 0.0072
0.4906 0.0102
0.4879 0.0131
0.4851 0.0161
0.4824 0.0190
0.4797 0.0220
0.4769 0.0249
0.4742 0.0279
0.4714 0.0308
0.4687 0.0338
0.4659 0.0367
0.4632 0.0397
0.4604 0.0426
0.4577 0.0456
0.4549 0.0486
0.4521 0.0515
0.4493 0.0545
0.4466 0.0574
0.4438 0.0604
0.4410 0.0634
0.4382 0.0663
0.4354 0.0693
0.4326 0.0723
0.4298 0.0752
0.4270 0.0782
0.4242 0.0811
0.4214 0.0841
0.4186 0.0871
0.4158 0.0900
0.4130 0.0930
0.4101 0.0960
0.4073 0.0990
0.4045 0.1019
0.4017 0.1049
0.3988 0.1079
0.3960 0.1108
0.3931 0.1138
0.3903 0.1168
0.3875 0.1197
0.3846 0.1227
0.3818 0.1257
0.3789 0.1287
0.3761 0.1316
0.3732 0.1346
0.3703 0.1376
0.3675 0.1405
0.3646 0.1435
0.3617 0.1465
0.3589 0.1495
0.3560 0.1524
0.3531 0.1554
0.3502 0.1584
0.3474 0.1613
0.3445 0.1643
0.3416 0.1673
0.3387 0.1702
0.3358 0.1732
0.3329 0.1762
0.3300 0.1792
0.3271 0.1821
0.3242 0.1851
0.3213 0.1880
0.3184 0.1910
0.3155 0.1940
0.3126 0.1969
0.3097 0.1999
0.3068 0.2029
0.3039 0.2058
0.3009 0.2088
0.2980 0.2118
0.2951 0.2147
0.2922 0.2177
0.2893 0.2206
0.2863 0.2236
0.2834 0.2265
0.2805 0.2295
0.2776 0.2324
0.2746 0.2354
0.2717 0.2383
0.2688 0.2413
0.2658 0.2442
0.2629 0.2472
0.2599 0.2501
0.2570 0.2531
0.2541 0.2560
0.2511 0.2590
0.2482 0.2619
0.2452 0.2648
0.2423 0.2678
0.2393 0.2707
0.2364 0.2736
0.2334 0.2766
0.2305 0.2795
0.2275 0.2824
0.2246 0.2854
0.2216 0.2883
0.2187 0.2912
0.2157 0.2941
0.2127 0.2971
0.2098 0.3000
0.2068 0.3029
0.2039 0.3058
0.2009 0.3087
0.1979 0.3116
0.1950 0.3145
0.1920 0.3174
0.1890 0.3204
0.1861 0.3233
0.1831 0.3262
0.1801 0.3291
0.1772 0.3319
0.1742 0.3348
0.1712 0.3377
0.1683 0.3406
0.1653 0.3435
0.1623 0.3464
0.1594 0.3493
0.1564 0.3522
0.1534 0.3550
0.1504 0.3579
0.1475 0.3608
0.1445 0.3636
0.1415 0.3665
0.1386 0.3694
0.1356 0.3722
0.1326 0.3751
0.1297 0.3780
0.1267 0.3808
0.1237 0.3837
0.1207 0.3865
0.1178 0.3894
0.1148 0.3922
0.1118 0.3950
0.1089 0.3979
0.1059 0.4007
0.1029 0.4035
0.0999 0.4064
0.0970 0.4092
0.0940 0.4120
0.0910 0.4148
0.0881 0.4176
0.0851 0.4205
0.0821 0.4233
0.0792 0.4261
0.0762 0.4289
0.0732 0.4317
0.0703 0.4345
0.0673 0.4373
0.0643 0.4401
0.0614 0.4428
0.0584 0.4456
0.0555 0.4484
0.0525 0.4512
0.0495 0.4540
0.0466 0.4567
0.0436 0.4595
0.0407 0.4623
0.0377 0.4650
0.0348 0.4678
0.0318 0.4705
0.0289 0.4733
0.0259 0.4760
0.0229 0.4788
0.0200 0.4815
0.0171 0.4842
0.0141 0.4870
0.0112 0.4897
0.0082 0.4924
0.0053 0.4951
0.0023 0.4979
-0.0006 0.5006
-0.0045 0.5042
-0.0085 0.5078
-0.0124 0.5114
-0.0163 0.5150
-0.0202 0.5186
-0.0241 0.5221
-0.0280 0.5257
-0.0319 0.5293
-0.0358 0.5328
-0.0397 0.5364
-0.0436 0.5399
-0.0475 0.5434
-0.0514 0.5470
-0.0552 0.5505
-0.0591 0.5540
-0.0630 0.5575
-0.0669 0.5610
-0.0707 0.5645
-0.0746 0.5680
-0.0785 0.5714
-0.0823 0.5749
-0.0862 0.5784
-0.0900 0.5818
-0.0939 0.5853
-0.0977 0.5887
-0.1016 0.5921
-0.1054 0.5955
-0.1092 0.5990
-0.1131 0.6024
-0.1169 0.6058
-0.1207 0.6092
-0.1245 0.6125
-0.1284 0.6159
-0.1322 0.6193
-0.1360 0.6226
-0.1398 0.6260
-0.1436 0.6293
-0.1474 0.6327
-0.1512 0.6360
-0.1549 0.6393
-0.1587 0.6426
-0.1625 0.6459
-0.1663 0.6492
-0.1700 0.6525
-0.1738 0.6558
-0.1776 0.6591
-0.1813 0.6623
-0.1851 0.6656
-0.1888 0.6688
-0.1926 0.6721
-0.1963 0.6753
-0.2000 0.6785
-0.2037 0.6817
-0.2075 0.6849
-0.2112 0.6881
-0.2149 0.6913
-0.2186 0.6945
-0.2223 0.6977
-0.2260 0.7008
-0.2297 0.7040
-0.2334 0.7072
-0.2371 0.7103
-0.2408 0.7134
-0.2444 0.7166
-0.2481 0.7197
-0.2518 0.7228
-0.2554 0.7259
-0.2591 0.7290
-0.2627 0.7321
-0.2664 0.7351
-0.2700 0.7382
-0.2737 0.7413
-0.2773 0.7443
-0.2809 0.7474
-0.2845 0.7504
-0.2882 0.7534
-0.2918 0.7565
-0.2954 0.7595
-0.2990 0.7625
-0.3026 0.7655
-0.3062 0.7685
-0.3098 0.7715
-0.3133 0.7744
-0.3169 0.7774
-0.3205 0.7804
-0.3241 0.7833
-0.3276 0.7863
-0.3312 0.7892
-0.3347 0.7921
-0.3383 0.7950
-0.3418 0.7980
-0.3454 0.8009
-0.3489 0.8038
-0.3524 0.8066
-0.3560 0.8095
-0.3595 0.8124
-0.3630 0.8153
-0.3665 0.8181
-0.3700 0.8210
-0.3735 0.8238
-0.3770 0.8267
-0.3805 0.8295
-0.3840 0.8323
-0.3875 0.8351
-0.3910 0.8379
-0.3944 0.8407
-0.3979 0.8435
-0.4014 0.8463
-0.4048 0.8491
-0.4083 0.8519
-0.4117 0.8546
-0.4152 0.8574
-0.4186 0.8601
-0.4221 0.8629
-0.4255 0.8656
-0.4289 0.8684
-0.4324 0.8711
-0.4358 0.8738
-0.4392 0.8765
-0.4426 0.8792
-0.4460 0.8819
-0.4494 0.8846
-0.4528 0.8873
-0.4562 0.8900
-0.4596 0.8926
-0.4630 0.8953
-0.4664 0.8979
-0.4698 0.9006
-0.4732 0.9032
-0.4766 0.9059
-0.4799 0.9085
-0.4833 0.9111
-0.4867 0.9138
-0.4900 0.9164
-0.4934 0.9190
-0.4967 0.9216
-0.5001 0.9242
-0.5034 0.9268
-0.5068 0.9293
-0.5101 0.9319
-0.5135 0.9345
-0.5168 0.9371
-0.5201 0.9396
-0.5235 0.9422
-0.5268 0.9447
-0.5301 0.9473
-0.5334 0.9498
-0.5368 0.9523
-0.5401 0.9549
-0.5434 0.9574
-0.5467 0.9599
-0.5500 0.9624
-0.5533 0.9649
-0.5566 0.9674
-0.5599 0.9699
-0.5632 0.9724
-0.5665 0.9749
-0.5698 0.9774
-0.5731 0.9799
-0.5764 0.9824
-0.5797 0.9848
-0.5830 0.9873
-0.5863 0.9898
-0.5895 0.9922
-0.5928 0.9947
-0.5961 0.9971
-0.5994 0.9996
-0.6027 1.0020
-0.6060 1.0044
-0.6092 1.0069
-0.6125 1.0093
-0.6158 1.0117
-0.6191 1.0141
-0.6223 1.0165
-0.6256 1.0190
-0.6289 1.0214
-0.6322 1.0238
-0.6354 1.0262
-0.6387 1.0286
-0.6420 1.0310
-0.6452 1.0334
-0.6485 1.0357
-0.6518 1.0381
-0.6551 1.0405
-0.6583 1.0429
-0.6616 1.0453
-0.6649 1.0476
-0.6682 1.0500
-0.6714 1.0524
-0.6747 1.0548
-0.6780 1.0571
-0.6813 1.0595
-0.6845 1.0618
-0.6878 1.0642
-0.6911 1.0666
-0.6944 1.0689
-0.6977 1.0713
-0.7010 1.0736
-0.7042 1.0760
-0.7075 1.0783
-0.7108 1.0807
-0.7141 1.0830
-0.7174 1.0853
-0.7207 1.0877
-0.7240 1.0900
-0.7273 1.0924
-0.7306 1.0947
-0.7340 1.0970
-0.7373 1.0994
-0.7406 1.1017
-0.7439 1.1040
-0.7472 1.1064
-0.7506 1.1087
-0.7539 1.1110
-0.7572 1.1134
-0.7606 1.1157
-0.7639 1.1180
-0.7673 1.1204
-0.7706 1.1227
-0.7740 1.1250
-0.7774 1.1274
-0.7807 1.1297
-0.7841 1.1320
-0.7875 1.1344
-0.7909 1.1367
-0.7943 1.1390
-0.7977 1.1414
-0.8011 1.1437
-0.8045 1.1461
-0.8079 1.1484
-0.8113 1.1507
-0.8148 1.1531
-0.8182 1.1554
-0.8217 1.1578
-0.8251 1.1601
-0.8286 1.1625
-0.8320 1.1648
-0.8355 1.1672
-0.8390 1.1696
-0.8425 1.1719
-0.8460 1.1743
-0.8495 1.1766
-0.8530 1.1790
-0.8566 1.1814
-0.8601 1.1838
-0.8637 1.1862
-0.8672 1.1885
-0.8708 1.1909
-0.8744 1.1933
-0.8780 1.1957
-0.8816 1.1981
-0.8852 1.2005
-0.8888 1.2029
-0.8925 1.2053
-0.8961 1.2078
-0.8998 1.2102
-0.9035 1.2126
-0.9072 1.2150
-0.9109 1.2175
-0.9146 1.2199
-0.9183 1.2224
-0.9221 1.2248
-0.9258 1.2273
-0.9296 1.2298
-0.9334 1.2322
-0.9372 1.2347
-0.9410 1.2372
-0.9449 1.2397
-0.9487 1.2422
-0.9526 1.2447
-0.9565 1.2472
-0.9604 1.2498
-0.9643 1.2523
-0.9683 1.2549
-0.9722 1.2574
-0.9762 1.2600
-0.9802 1.2625
-0.9842 1.2651
-0.9883 1.2677
-0.9923 1.2703
-0.9964 1.2729
-1.0005 1.2755
-1.0047 1.2782
-1.0088 1.2808
-1.0130 1.2835
-1.0172 1.2861
-1.0214 1.2888
-1.0256 1.2915
-1.0299 1.2942
-1.0342 1.2969
-1.0385 1.2996
-1.0429 1.3023
-1.0473 1.3051
-1.0517 1.3079
-1.0561 1.3106
-1.0606 1.3134
-1.0650 1.3162
-1.0696 1.3191
-1.0730 1.3212
-1.0764 1.3233
-1.0798 1.3255
-1.0833 1.3276
-1.0868 1.3298
-1.0903 1.3319
-1.0938 1.3341
-1.0974 1.3363
-1.1009 1.3385
-1.1045 1.3407
-1.1081 1.3429
-1.1117 1.3452
-1.1154 1.3474
-1.1190 1.3497
-1.1227 1.3519
-1.1264 1.3542
-1.1301 1.3565
-1.1339 1.3588
-1.1377 1.3611
-1.1415 1.3634
-1.1453 1.3657
-1.1491 1.3681
-1.1530 1.3704
-1.1569 1.3728
-1.1608 1.3752
-1.1648 1.3776
-1.1687 1.3800
-1.1727 1.3824
-1.1768 1.3848
-1.1808 1.3873
-1.1849 1.3898
-1.1890 1.3922
-1.1932 1.3947
-1.1973 1.3972
-1.2015 1.3998
-1.2058 1.4023
-1.2100 1.4049
-1.2143 1.4074
-1.2186 1.4100
-1.2230 1.4126
-1.2274 1.4153
-1.2318 1.4179
-1.2363 1.4206
-1.2408 1.4232
-1.2453 1.4259
-1.2499 1.4286
-1.2545 1.4314
-1.2591 1.4341
-1.2638 1.4369
-1.2685 1.4397
-1.2733 1.4425
-1.2781 1.4453
-1.2829 1.4482
-1.2878 1.4511
-1.2927 1.4540
-1.2977 1.4569
-1.3027 1.4598
-1.3078 1.4628
-1.3129 1.4658
-1.3181 1.4688
-1.3215 1.4708
-1.3250 1.4729
-1.3285 1.4749
-1.3320 1.4770
-1.3356 1.4790
-1.3392 1.4811
-1.3428 1.4832
-1.3464 1.4853
-1.3500 1.4875
-1.3537 1.4896
-1.3574 1.4917
-1.3611 1.4939
-1.3649 1.4961
-1.3686 1.4982
-1.3724 1.5004
-1.3762 1.5026
-1.3801 1.5049
-1.3840 1.5071
-1.3879 1.5094
-1.3918 1.5116
-1.3957 1.5139
-1.3997 1.5162
-1.4037 1.5185
-1.4078 1.5208
-1.4119 1.5232
-1.4160 1.5255
-1.4201 1.5279
-1.4243 1.5303
-1.4285 1.5327
-1.4327 1.5351
-1.4369 1.5375
-1.4412 1.5400
-1.4456 1.5425
-1.4499 1.5450
-1.4543 1.5475
-1.4588 1.5500
-1.4632 1.5525
-1.4677 1.5551
-1.4723 1.5577
-1.4768 1.5603
-1.4814 1.5629
-1.4861 1.5655
-1.4908 1.5682
-1.4955 1.5709
-1.5003 1.5736
-1.5051 1.5763
-1.5099 1.5790
-1.5148 1.5818
-1.5198 1.5846
-1.5247 1.5874
-1.5298 1.5902
-1.5348 1.5931
-1.5399 1.5960
-1.5451 1.5989
-1.5503 1.6018
-1.5555 1.6047
-1.5608 1.6077
-1.5662 1.6107
-1.5716 1.6137
-1.5771 1.6168
-1.5826 1.6199
-1.5881 1.6230
-1.5937 1.6261
-1.5994 1.6293
-1.6051 1.6325
-1.6109 1.6357
-1.6167 1.6389
-1.6226 1.6422
-1.6286 1.6455
-1.6346 1.6489
-1.6407 1.6523
-1.6468 1.6557
-1.6530 1.6591
-1.6593 1.6626
-1.6656 1.6661
-1.6721 1.6696
-1.6785 1.6732
-1.6851 1.6768
-1.6917 1.6805
-1.6984 1.6842
-1.7052 1.6879
-1.7120 1.6917
-1.7189 1.6955
-1.7260 1.6994
-1.7295 1.7013
-1.7330 1.7033
-1.7366 1.7052
-1.7402 1.7072
-1.7438 1.7092
-1.7475 1.7112
-1.7511 1.7132
-1.7548 1.7152
-1.7585 1.7173
-1.7622 1.7193
-1.7660 1.7214
-1.7698 1.7234
-1.7736 1.7255
-1.7774 1.7276
-1.7812 1.7297
-1.7851 1.7318
-1.7890 1.7339
-1.7929 1.7361
-1.7969 1.7382
-1.8008 1.7404
-1.8048 1.7426
-1.8088 1.7448
-1.8129 1.7470
-1.8169 1.7492
-1.8210 1.7514
-1.8252 1.7537
-1.8293 1.7559
-1.8335 1.7582
-1.8377 1.7605
-1.8419 1.7628
-1.8462 1.7651
-1.8505 1.7674
-1.8548 1.7698
-1.8591 1.7721
-1.8635 1.7745
-1.8679 1.7769
-1.8724 1.7793
-1.8768 1.7817
-1.8813 1.7842
-1.8859 1.7866
-1.8904 1.7891
-1.8950 1.7916
-1.8996 1.7941
-1.9043 1.7966
-1.9090 1.7992
-1.9137 1.8017
-1.9185 1.8043
-1.9233 1.8069
-1.9281 1.8095
-1.9330 1.8121
-1.9379 1.8148
-1.9428 1.8174
-1.9478 1.8201
-1.9528 1.8228
-1.9579 1.8255
-1.9630 1.8283
-1.9681 1.8311
-1.9733 1.8338
-1.9785 1.8366
-1.9837 1.8395
-1.9890 1.8423
-1.9944 1.8452
-1.9997 1.8481
-2.0052 1.8510
-2.0106 1.8539
-2.0161 1.8569
-2.0217 1.8598
-2.0273 1.8628
-2.0329 1.8659
-2.0386 1.8689
-2.0443 1.8720
-2.0501 1.8751
-2.0559 1.8782
-2.0618 1.8813
-2.0678 1.8845
-2.0737 1.8877
-2.0798 1.8909
-2.0859 1.8942
-2.0920 1.8975
-2.0982 1.9008
-2.1044 1.9041
-2.1107 1.9075
-2.1171 1.9109
-2.1235 1.9143
-2.1300 1.9177
-2.1365 1.9212
-2.1431 1.9247
-2.1497 1.9282
-2.1565 1.9318
-2.1632 1.9354
-2.1701 1.9391
-2.1770 1.9427
-2.1839 1.9464
-2.1910 1.9502
-2.1981 1.9539
-2.2053 1.9577
-2.2125 1.9616
-2.2198 1.9655
-2.2272 1.9694
-2.2347 1.9733
-2.2422 1.9773
-2.2498 1.9813
-2.2575 1.9854
-2.2652 1.9895
-2.2731 1.9937
-2.2810 1.9979
-2.2890 2.0021
-2.2971 2.0064
-2.3053 2.0107
-2.3136 2.0150
-2.3219 2.0195
-2.3304 2.0239
-2.3389 2.0284
-2.3475 2.0330
-2.3563 2.0376
-2.3651 2.0422
-2.3740 2.0469
-2.3831 2.0517
-2.3922 2.0565
-2.4014 2.0613
-2.4108 2.0662
-2.4202 2.0712
-2.4298 2.0762
-2.4395 2.0813
-2.4493 2.0864
-2.4592 2.0916
-2.4692 2.0969
-2.4794 2.1022
-2.4897 2.1076
-2.5001 2.1131
-2.5106 2.1186
-2.5213 2.1242
-2.5321 2.1298
-2.5431 2.1356
-2.5542 2.1414
-2.5654 2.1472
-2.5768 2.1532
-2.5883 2.1592
-2.6000 2.1653
-2.6119 2.1715
-2.6239 2.1778
-2.6361 2.1841
-2.6485 2.1906
-2.6610 2.1971
-2.6738 2.2037
-2.6867 2.2105
-2.6998 2.2173
-2.7130 2.2242
-2.7265 2.2312
-2.7402 2.2383
-2.7541 2.2455
-2.7682 2.2529
-2.7826 2.2603
-2.7971 2.2679
-2.8119 2.2755
-2.8269 2.2833
-2.8422 2.2912
-2.8577 2.2993
-2.8735 2.3074
-2.8895 2.3157
-2.9058 2.3242
-2.9224 2.3328
-2.9393 2.3415
-2.9565 2.3504
-2.9739 2.3594
-2.9917 2.3686
-3.0098 2.3780
-3.0283 2.3875
-3.0471 2.3972
-3.0662 2.4070
-3.0857 2.4171
-3.1056 2.4274
-3.1259 2.4378
-3.1466 2.4485
-3.1677 2.4593
-3.1892 2.4704
-3.2112 2.4817
-3.2336 2.4932
-3.2566 2.5050
-3.2800 2.5170
-3.3039 2.5293
-3.3284 2.5419
-3.3534 2.5547
-3.3789 2.5678
-3.4051 2.5813
-3.4319 2.5950
-3.4593 2.6091
-3.4875 2.6235
-3.5163 2.6382
-3.5458 2.6533
-3.5761 2.6688
-3.6072 2.6847
-3.6391 2.7010
-3.6718 2.7178
-3.7055 2.7350
-3.7401 2.7526
-3.7757 2.7708
nan nan
3.7737 -0.9248
3.7410 -0.9081
3.7093 -0.8919
3.6783 -0.8761
3.6482 -0.8606
3.6188 -0.8456
3.5901 -0.8309
3.5622 -0.8166
3.5349 -0.8026
3.5082 -0.7890
3.4822 -0.7756
3.4567 -0.7626
3.4319 -0.7498
3.4075 -0.7373
3.3838 -0.7251
3.3605 -0.7131
3.3377 -0.7014
3.3154 -0.6900
3.2936 -0.6787
3.2722 -0.6677
3.2512 -0.6569
3.2307 -0.6464
3.2106 -0.6360
3.1908 -0.6258
3.1714 -0.6158
3.1524 -0.6060
3.1338 -0.5964
3.1155 -0.5870
3.0975 -0.5777
3.0799 -0.5686
3.0625 -0.5596
3.0455 -0.5508
3.0288 -0.5421
3.0123 -0.5336
2.9962 -0.5253
2.9803 -0.5170
2.9646 -0.5089
2.9493 -0.5010
2.9341 -0.4931
2.9193 -0.4854
2.9046 -0.4778
2.8902 -0.4704
2.8760 -0.4630
2.8621 -0.4557
2.8483 -0.4486
2.8348 -0.4416
2.8214 -0.4346
2.8083 -0.4278
2.7953 -0.4210
2.7826 -0.4144
2.7700 -0.4079
2.7576 -0.4014
2.7454 -0.3950
2.7334 -0.3887
2.7215 -0.3826
2.7098 -0.3764
2.6982 -0.3704
2.6868 -0.3645
2.6756 -0.3586
2.6645 -0.3528
2.6535 -0.3471
2.6427 -0.3414
2.6320 -0.3358
2.6215 -0.3303
2.6111 -0.3249
2.6009 -0.3195
2.5907 -0.3142
2.5807 -0.3089
2.5708 -0.3038
2.5611 -0.2986
2.5514 -0.2936
2.5419 -0.2886
2.5325 -0.2836
2.5232 -0.2787
2.5140 -0.2739
2.5049 -0.2691
2.4959 -0.2644
2.4870 -0.2597
2.4783 -0.2551
2.4696 -0.2506
2.4610 -0.2460
2.4525 -0.2416
2.4442 -0.2372
2.4359 -0.2328
2.4277 -0.2285
2.4195 -0.2242
2.4115 -0.2199
2.4036 -0.2157
2.3957 -0.2116
2.3879 -0.2075
2.3803 -0.2034
2.3726 -0.1994
2.3651 -0.1954
2.3577 -0.1915
2.3503 -0.1875
2.3430 -0.1837
2.3357 -0.1798
2.3286 -0.1761
2.3215 -0.1723
2.3145 -0.1686
2.3075 -0.1649
2.3007 -0.1612
2.2939 -0.1576
2.2871 -0.1540
2.2804 -0.1505
2.2738 -0.1470
2.2673 -0.1435
2.2608 -0.1400
2.2543 -0.1366
2.2480 -0.1332
2.2416 -0.1298
2.2354 -0.1265
2.2292 -0.1232
2.2230 -0.1199
2.2170 -0.1167
2.2109 -0.1135
2.2049 -0.1103
2.1990 -0.1071
2.1931 -0.1040
2.1873 -0.1008
2.1816 -0.0978
2.1758 -0.0947
2.1702 -0.0917
2.1645 -0.0887
2.1590 -0.0857
2.1534 -0.0827
2.1480 -0.0798
2.1425 -0.0769
2.1371 -0.0740
2.1318 -0.0711
2.1265 -0.0682
2.1212 -0.0654
2.1160 -0.0626
2.1109 -0.0598
2.1057 -0.0571
2.1006 -0.0544
2.0956 -0.0516
2.0906 -0.0489
2.0856 -0.0463
2.0807 -0.0436
2.0758 -0.0410
2.0710 -0.0384
2.0661 -0.0358
2.0614 -0.0332
2.0566 -0.0306
2.0519 -0.0281
2.0473 -0.0256
2.0426 -0.0231
2.0380 -0.0206
2.0335 -0.0181
2.0289 -0.0157
2.0244 -0.0132
2.0200 -0.0108
2.0155 -0.0084
2.0112 -0.0060
2.0068 -0.0037
2.0025 -0.0013
1.9982 0.0010
1.9939 0.0033
1.9896 0.0056
1.9854 0.0079
1.9813 0.0102
1.9771 0.0124
1.9730 0.0147
1.9689 0.0169
1.9648 0.0191
1.9608 0.0213
1.9568 0.0235
1.9528 0.0256
1.9489 0.0278
1.9449 0.0299
1.9410 0.0321
1.9372 0.0342
1.9333 0.0363
1.9295 0.0384
1.9257 0.0404
1.9219 0.0425
1.9182 0.0445
1.9145 0.0466
1.9108 0.0486
1.9071 0.0506
1.9035 0.0526
1.8998 0.0546
1.8962 0.0565
1.8927 0.0585
1.8891 0.0605
1.8856 0.0624
1.8821 0.0643
1.8751 0.0681
1.8682 0.0719
1.8615 0.0756
1.8548 0.0793
1.8481 0.0830
1.8416 0.0866
1.8352 0.0901
1.8288 0.0936
1.8225 0.0971
1.8162 0.1006
1.8101 0.1040
1.8040 0.1073
1.7980 0.1107
1.7920 0.1139
1.7862 0.1172
1.7803 0.1204
1.7746 0.1236
1.7689 0.1268
1.7633 0.1299
1.7577 0.1330
1.7522 0.1361
1.7468 0.1391
1.7414 0.1421
1.7361 0.1451
1.7308 0.1480
1.7256 0.1509
1.7204 0.1538
1.7153 0.1567
1.7103 0.1595
1.7053 0.1623
1.7003 0.1651
1.6954 0.1678
1.6906 0.1706
1.6858 0.1733
1.6810 0.1759
1.6763 0.1786
1.6716 0.1812
1.6670 0.1838
1.6624 0.1864
1.6579 0.1890
1.6534 0.1915
1.6490 0.1940
1.6446 0.1965
1.6402 0.1990
1.6359 0.2014
1.6316 0.2039
1.6274 0.2063
1.6232 0.2087
1.6190 0.2110
1.6149 0.2134
1.6108 0.2157
1.6067 0.2180
1.6027 0.2203
1.5988 0.2226
1.5948 0.2248
1.5909 0.2271
1.5870 0.2293
1.5832 0.2315
1.5794 0.2337
1.5756 0.2358
1.5718 0.2380
1.5681 0.2401
1.5644 0.2422
1.5608 0.2443
1.5572 0.2464
1.5536 0.2485
1.5500 0.2505
1.5465 0.2526
1.5430 0.2546
1.5395 0.2566
1.5343 0.2596
1.5292 0.2625
1.5242 0.2654
1.5192 0.2683
1.5143 0.2712
1.5094 0.2740
1.5046 0.2768
1.4999 0.2796
1.4952 0.2823
1.4905 0.2850
1.4859 0.2877
1.4814 0.2903
1.4769 0.2930
1.4725 0.2956
1.4681 0.2982
1.4637 0.3007
1.4594 0.3032
1.4552 0.3057
1.4510 0.3082
1.4468 0.3107
1.4427 0.3131
1.4386 0.3155
1.4346 0.3179
1.4306 0.3203
1.4266 0.3226
1.4227 0.3249
1.4188 0.3272
1.4150 0.3295
1.4112 0.3318
1.4074 0.3340
1.4037 0.3363
1.4000 0.3385
1.3964 0.3406
1.3928 0.3428
1.3892 0.3450
1.3856 0.3471
1.3821 0.3492
1.3786 0.3513
1.3752 0.3534
1.3706 0.3561
1.3661 0.3588
1.3617 0.3615
1.3573 0.3642
1.3530 0.3668
1.3487 0.3694
1.3445 0.3719
1.3403 0.3745
1.3362 0.3770
1.3321 0.3795
1.3280 0.3820
1.3240 0.3844
1.3201 0.3868
1.3162 0.3892
1.3123 0.3916
1.3085 0.3940
1.3047 0.3963
1.3010 0.3986
1.2973 0.4009
1.2936 0.4031
1.2900 0.4054
1.2865 0.4076
1.2829 0.4098
1.2794 0.4120
1.2759 0.4141
1.2725 0.4163
1.2691 0.4184
1.2649 0.4210
1.2608 0.4236
1.2567 0.4262
1.2526 0.4288
1.2486 0.4313
1.2447 0.4338
1.2408 0.4362
1.2369 0.4387
1.2331 0.4411
1.2294 0.4435
1.2257 0.4459
1.2220 0.4482
1.2183 0.4505
1.2148 0.4528
1.2112 0.4551
1.2077 0.4574
1.2042 0.4596
1.2008 0.4618
1.1974 0.4640
1.1940 0.4662
1.1901 0.4688
1.1861 0.4713
1.1822 0.4738
1.1784 0.4763
1.1746 0.4788
1.1709 0.4813
1.1672 0.4837
1.1635 0.4861
1.1599 0.4885
1.1564 0.4908
1.1529 0.4931
1.1494 0.4955
1.1459 0.4977
1.1425 0.5000
1.1392 0.5022
1.1353 0.5048
1.1315 0.5074
1.1277 0.5099
1.1240 0.5124
1.1203 0.5149
1.1167 0.5174
1.1131 0.5198
1.1096 0.5222
1.1061 0.5246
1.1026 0.5269
1.0992 0.5293
1.0958 0.5316
1.0925 0.5339
1.0888 0.5365
1.0850 0.5390
1.0814 0.5416
1.0778 0.5441
1.0742 0.5466
1.0707 0.5490
1.0672 0.5515
1.0638 0.5539
1.0604 0.5563
1.0570 0.5587
1.0537 0.5610
1.0504 0.5633
1.0468 0.5659
1.0432 0.5685
1.0397 0.5710
1.0362 0.5735
1.0327 0.5760
1.0293 0.5785
1.0260 0.5809
1.0226 0.5833
1.0193 0.5857
1.0161 0.5881
1.0125 0.5907
1.0090 0.5933
1.0056 0.5959
1.0021 0.5984
0.9987 0.6009
0.9954 0.6034
0.9921 0.6059
0.9888 0.6084
0.9856 0.6108
0.9821 0.6134
0.9787 0.6160
0.9752 0.6186
0.9719 0.6212
0.9685 0.6238
0.9653 0.6263
0.9620 0.6288
0.9588 0.6313
0.9556 0.6338
0.9522 0.6365
0.9488 0.6391
0.9455 0.6417
0.9422 0.6444
0.9389 0.6469
0.9357 0.6495
0.9325 0.6521
0.9293 0.6546
0.9262 0.6571
0.9229 0.6598
0.9196 0.6625
0.9163 0.6652
0.9130 0.6678
0.9099 0.6704
0.9067 0.6731
0.9036 0.6757
0.9005 0.6782
0.8974 0.6808
0.8941 0.6835
0.8909 0.6863
0.8877 0.6890
0.8845 0.6917
0.8813 0.6944
0.8782 0.6971
0.8751 0.6997
0.8721 0.7024
0.8691 0.7050
0.8658 0.7078
0.8626 0.7106
0.8595 0.7134
0.8563 0.7162
0.8532 0.7190
0.8501 0.7217
0.8471 0.7245
0.8440 0.7272
0.8410 0.7300
0.8380 0.7327
0.8350 0.7355
0.8321 0.7382
0.8291 0.7409
0.8260 0.7438
0.8229 0.7467
0.8199 0.7496
0.8168 0.7525
0.8137 0.7554
0.8107 0.7583
0.8077 0.7611
0.8047 0.7640
0.8017 0.7669
0.7987 0.7698
0.7958 0.7727
0.7928 0.7756
0.7899 0.7785
0.7869 0.7815
0.7840 0.7844
0.7811 0.7873
0.7782 0.7902
0.7753 0.7932
0.7724 0.7961
0.7695 0.7991
0.7666 0.8021
0.7637 0.8051
0.7608 0.8081
0.7579 0.8111
0.7550 0.8141
0.7521 0.8172
0.7492 0.8202
0.7463 0.8233
0.7434 0.8264
0.7405 0.8295
0.7378 0.8325
0.7351 0.8354
0.7324 0.8384
0.7296 0.8414
0.7269 0.8444
0.7241 0.8475
0.7214 0.8506
0.7186 0.8536
0.7158 0.8568
0.7131 0.8599
0.7103 0.8631
0.7075 0.8663
0.7046 0.8695
0.7020 0.8725
0.6993 0.8756
0.6967 0.8787
0.6940 0.8818
0.6913 0.8849
0.6886 0.8881
0.6859 0.8913
0.6832 0.8946
0.6804 0.8979
0.6778 0.9009
0.6753 0.9040
0.6727 0.9072
0.6700 0.9103
0.6674 0.9135
0.6648 0.9168
0.6621 0.9201
0.6594 0.9234
0.6567 0.9267
0.6542 0.9298
0.6516 0.9330
0.6491 0.9362
0.6465 0.9394
0.6439 0.9427
0.6413 0.9460
0.6387 0.9494
0.6360 0.9528
0.6333 0.9562
0.6309 0.9594
0.6284 0.9626
0.6259 0.9658
0.6233 0.9691
0.6208 0.9725
0.6182 0.9759
0.6156 0.9793
0.6129 0.9827
0.6103 0.9863
0.6079 0.9895
0.6054 0.9928
0.6029 0.9961
0.6004 0.9994
0.5979 1.0028
0.5954 1.0062
0.5928 1.0097
0.5902 1.0132
0.5876 1.0168
0.5852 1.0201
0.5828 1.0234
0.5804 1.0267
0.5779 1.0301
0.5755 1.0335
0.5730 1.0369
0.5705 1.0405
0.5679 1.0440
0.5653 1.0476
0.5628 1.0512
0.5604 1.0545
0.5581 1.0579
0.5557 1.0612
0.5533 1.0646
0.5509 1.0681
0.5484 1.0716
0.5460 1.0751
0.5435 1.0787
0.5410 1.0823
0.5384 1.0860
0.5358 1.0897
0.5336 1.0930
0.5313 1.0963
0.5290 1.0997
0.5266 1.1031
0.5242 1.1066
0.5219 1.1101
0.5195 1.1136
0.5170 1.1172
0.5146 1.1208
0.5121 1.1245
0.5096 1.1283
0.5070 1.1320
0.5045 1.1359
0.5019 1.1397
0.4996 1.1431
0.4974 1.1465
0.4951 1.1500
0.4928 1.1534
0.4904 1.1570
0.4881 1.1605
0.4857 1.1641
0.4833 1.1678
0.4809 1.1715
0.4784 1.1752
0.4759 1.1790
0.4734 1.1829
0.4709 1.1868
0.4683 1.1907
0.4657 1.1947
0.4636 1.1981
0.4614 1.2015
0.4591 1.2049
0.4569 1.2084
0.4546 1.2119
0.4524 1.2155
0.4501 1.2191
0.4477 1.2227
0.4454 1.2264
0.4430 1.2301
0.4406 1.2339
0.4382 1.2377
0.4357 1.2416
0.4333 1.2455
0.4308 1.2494
0.4283 1.2534
0.4257 1.2575
0.4231 1.2616
0.4205 1.2658
0.4179 1.2700
0.4158 1.2734
0.4136 1.2768
0.4114 1.2803
0.4093 1.2838
0.4070 1.2873
0.4048 1.2909
0.4026 1.2946
0.4003 1.2982
0.3980 1.3019
0.3957 1.3057
0.3934 1.3095
0.3910 1.3133
0.3886 1.3172
0.3862 1.3211
0.3838 1.3250
0.3814 1.3290
0.3789 1.3331
0.3764 1.3372
0.3739 1.3413
0.3713 1.3455
0.3687 1.3498
0.3661 1.3541
0.3635 1.3584
0.3608 1.3628
0.3581 1.3673
0.3554 1.3718
0.3527 1.3763
0.3506 1.3798
0.3485 1.3833
0.3464 1.3868
0.3442 1.3904
0.3421 1.3940
0.3399 1.3976
0.3377 1.4012
0.3355 1.4049
0.3333 1.4087
0.3310 1.4125
0.3288 1.4163
0.3265 1.4201
0.3242 1.4240
0.3218 1.4279
0.3195 1.4319
0.3171 1.4359
0.3147 1.4400
0.3123 1.4440
0.3099 1.4482
0.3074 1.4524
0.3049 1.4566
0.3024 1.4609
0.2999 1.4652
0.2973 1.4695
0.2947 1.4739
0.2921 1.4784
0.2895 1.4829
0.2868 1.4875
0.2841 1.4921
0.2814 1.4967
0.2786 1.5015
0.2759 1.5062
0.2731 1.5111
0.2702 1.5159
0.2674 1.5209
0.2645 1.5259
0.2615 1.5309
0.2586 1.5361
0.2556 1.5412
0.2536 1.5447
0.2515 1.5482
0.2495 1.5518
0.2474 1.5554
0.2454 1.5590
0.2433 1.5626
0.2412 1.5663
0.2390 1.5700
0.2369 1.5737
0.2347 1.5775
0.2326 1.5813
0.2304 1.5851
0.2282 1.5890
0.2259 1.5928
0.2237 1.5968
0.2214 1.6007
0.2192 1.6047
0.2169 1.6088
0.2145 1.6128
0.2122 1.6169
0.2098 1.6211
0.2075 1.6253
0.2051 1.6295
0.2026 1.6338
0.2002 1.6381
0.1977 1.6424
0.1953 1.6468
0.1928 1.6512
0.1902 1.6557
0.1877 1.6602
0.1851 1.6647
0.1825 1.6693
0.1799 1.6740
0.1773 1.6786
0.1746 1.6834
0.1719 1.6882
0.1692 1.6930
0.1665 1.6979
0.1637 1.7028
0.1609 1.7078
0.1581 1.7128
0.1553 1.7179
0.1524 1.7230
0.1495 1.7282
0.1466 1.7334
0.1436 1.7387
0.1406 1.7441
0.1376 1.7495
0.1345 1.7550
0.1315 1.7605
0.1284 1.7661
0.1252 1.7717
0.1220 1.7775
0.1188 1.7832
0.1156 1.7891
0.1123 1.7950
0.1090 1.8010
0.1056 1.8070
0.1023 1.8132
0.0988 1.8193
0.0954 1.8256
0.0919 1.8320
0.0883 1.8384
0.0848 1.8449
0.0811 1.8514
0.0775 1.8581
0.0738 1.8648
0.0700 1.8717
0.0662 1.8786
0.0624 1.8856
0.0605 1.8891
0.0585 1.8927
0.0565 1.8962
0.0546 1.8998
0.0526 1.9035
0.0506 1.9071
0.0486 1.9108
0.0466 1.9145
0.0445 1.9182
0.0425 1.9219
0.0404 1.9257
0.0384 1.9295
0.0363 1.9333
0.0342 1.9372
0.0321 1.9410
0.0299 1.9449
0.0278 1.9489
0.0256 1.9528
0.0235 1.9568
0.0213 1.9608
0.0191 1.9648
0.0169 1.9689
0.0147 1.9730
0.0124 1.9771
0.0102 1.9813
0.0079 1.9854
0.0056 1.9896
0.0033 1.9939
0.0010 1.9982
-0.0013 2.0025
-0.0037 2.0068
-0.0060 2.0112
-0.0084 2.0155
-0.0108 2.0200
-0.0132 2.0244
-0.0157 2.0289
-0.0181 2.0335
-0.0206 2.0380
-0.0231 2.0426
-0.0256 2.0473
-0.0281 2.0519
-0.0306 2.0566
-0.0332 2.0614
-0.0358 2.0661
-0.0384 2.0710
-0.0410 2.0758
-0.0436 2.0807
-0.0463 2.0856
-0.0489 2.0906
-0.0516 2.0956
-0.0544 2.1006
-0.0571 2.1057
-0.0598 2.1109
-0.0626 2.1160
-0.0654 2.1212
-0.0682 2.1265
-0.0711 2.1318
-0.0740 2.1371
-0.0769 2.1425
-0.0798 2.1480
-0.0827 2.1534
-0.0857 2.1590
-0.0887 2.1645
-0.0917 2.1702
-0.0947 2.1758
-0.0978 2.1816
-0.1008 2.1873
-0.1040 2.1931
-0.1071 2.1990
-0.1103 2.2049
-0.1135 2.2109
-0.1167 2.2170
-0.1199 2.2230
-0.1232 2.2292
-0.1265 2.2354
-0.1298 2.2416
-0.1332 2.2480
-0.1366 2.2543
-0.1400 2.2608
-0.1435 2.2673
-0.1470 2.2738
-0.1505 2.2804
-0.1540 2.2871
-0.1576 2.2939
-0.1612 2.3007
-0.1649 2.3075
-0.1686 2.3145
-0.1723 2.3215
-0.1761 2.3286
-0.1798 2.3357
-0.1837 2.3430
-0.1875 2.3503
-0.1915 2.3577
-0.1954 2.3651
-0.1994 2.3726
-0.2034 2.3803
-0.2075 2.3879
-0.2116 2.3957
-0.2157 2.4036
-0.2199 2.4115
-0.2242 2.4195
-0.2285 2.4277
-0.2328 2.4359
-0.2372 2.4442
-0.2416 2.4525
-0.2460 2.4610
-0.2506 2.4696
-0.2551 2.4783
-0.2597 2.4870
-0.2644 2.4959
-0.2691 2.5049
-0.2739 2.5140
-0.2787 2.5232
-0.2836 2.5325
-0.2886 2.5419
-0.2936 2.5514
-0.2986 2.5611
-0.3038 2.5708
-0.3089 2.5807
-0.3142 2.5907
-0.3195 2.6009
-0.3249 2.6111
-0.3303 2.6215
-0.3358 2.6320
-0.3414 2.6427
-0.3471 2.6535
-0.3528 2.6645
-0.3586 2.6756
-0.3645 2.6868
-0.3704 2.6982
-0.3764 2.7098
-0.3826 2.7215
-0.3887 2.7334
-0.3950 2.7454
-0.4014 2.7576
-0.4079 2.7700
-0.4144 2.7826
-0.4210 2.7953
-0.4278 2.8083
-0.4346 2.8214
-0.4416 2.8348
-0.4486 2.8483
-0.4557 2.8621
-0.4630 2.8760
-0.4704 2.8902
-0.4778 2.9046
-0.4854 2.9193
-0.4931 2.9341
-0.5010 2.9493
-0.5089 2.9646
-0.5170 2.9803
-0.5253 2.9962
-0.5336 3.0123
-0.5421 3.0288
-0.5508 3.0455
-0.5596 3.0625
-0.5686 3.0799
-0.5777 3.0975
-0.5870 3.1155
-0.5964 3.1338
-0.6060 3.1524
-0.6158 3.1714
-0.6258 3.1908
-0.6360 3.2106
-0.6464 3.2307
-0.6569 3.2512
-0.6677 3.2722
-0.6787 3.2936
-0.6900 3.3154
-0.7014 3.3377
-0.7131 3.3605
-0.7251 3.3838
-0.7373 3.4075
-0.7498 3.4319
-0.7626 3.4567
-0.7756 3.4822
-0.7890 3.5082
-0.8026 3.5349
-0.8166 3.5622
-0.8309 3.5901
-0.8456 3.6188
-0.8606 3.6482
-0.8761 3.6783
-0.8919 3.7093
-0.9081 3.7410
-0.9248 3.7737
nan nan
3.7757 2.7708
3.7401 2.7526
3.7055 2.7350
3.6718 2.7178
3.6391 2.7010
3.6072 2.6847
3.5761 2.6688
3.5458 2.6533
3.5163 2.6382
3.4875 2.6235
3.4593 2.6091
3.4319 2.5950
3.4051 2.5813
3.3789 2.5678
3.3534 2.5547
3.3284 2.5419
3.3039 2.5293
3.2800 2.5170
3.2566 2.5050
3.2336 2.4932
3.2112 2.4817
3.1892 2.4704
3.1677 2.4593
3.1466 2.4485
3.1259 2.4378
3.1056 2.4274
3.0857 2.4171
3.0662 2.4070
3.0471 2.3972
3.0283 2.3875
3.0098 2.3780
2.9917 2.3686
2.9739 2.3594
2.9565 2.3504
2.9393 2.3415
2.9224 2.3328
2.9058 2.3242
2.8895 2.3157
2.8735 2.3074
2.8577 2.2993
2.8422 2.2912
2.8269 2.2833
2.8119 2.2755
2.7971 2.2679
2.7826 2.2603
2.7682 2.2529
2.7541 2.2455
2.7402 2.2383
2.7265 2.2312
2.7130 2.2242
2.6998 2.2173
2.6867 2.2105
2.6738 2.2037
2.6610 2.1971
2.6485 2.1906
2.6361 2.1841
2.6239 2.1778
2.6119 2.1715
2.6000 2.1653
2.5883 2.1592
2.5768 2.1532
2.5654 2.1472
2.5542 2.1414
2.5431 2.1356
2.5321 2.1298
2.5213 2.1242
2.5106 2.1186
2.5001 2.1131
2.4897 2.1076
2.4794 2.1022
2.4692 2.0969
2.4592 2.0916
2.4493 2.0864
2.4395 2.0813
2.4298 2.0762
2.4202 2.0712
2.4108 2.0662
2.4014 2.0613
2.3922 2.0565
2.3831 2.0517
2.3740 2.0469
2.3651 2.0422
2.3563 2.0376
2.3475 2.0330
2.3389 2.0284
2.3304 2.0239
2.3219 2.0195
2.3136 2.0150
2.3053 2.0107
2.2971 2.0064
2.2890 2.0021
2.2810 1.9979
2.2731 1.9937
2.2652 1.9895
2.2575 1.9854
2.2498 1.9813
2.2422 1.9773
2.2347 1.9733
2.2272 1.9694
2.2198 1.9655
2.2125 1.9616
2.2053 1.9577
2.1981 1.9539
2.1910 1.9502
2.1839 1.9464
2.1770 1.9427
2.1701 1.9391
2.1632 1.9354
2.1565 1.9318
2.1497 1.9282
2.1431 1.9247
2.1365 1.9212
2.1300 1.9177
2.1235 1.9143
2.1171 1.9109
2.1107 1.9075
2.1044 1.9041
2.0982 1.9008
2.0920 1.8975
2.0859 1.8942
2.0798 1.8909
2.0737 1.8877
2.0678 1.8845
2.0618 1.8813
2.0559 1.8782
2.0501 1.8751
2.0443 1.8720
2.0386 1.8689
2.0329 1.8659
2.0273 1.8628
2.0217 1.8598
2.0161 1.8569
2.0106 1.8539
2.0052 1.8510
1.9997 1.8481
1.9944 1.8452
1.9890 1.8423
1.9837 1.8395
1.9785 1.8366
1.9733 1.8338
1.9681 1.8311
1.9630 1.8283
1.9579 1.8255
1.9528 1.8228
1.9478 1.8201
1.9428 1.8174
1.9379 1.8148
1.9330 1.8121
1.9281 1.8095
1.9233 1.8069
1.9185 1.8043
1.9137 1.8017
1.9090 1.7992
1.9043 1.7966
1.8996 1.7941
1.8950 1.7916
1.8904 1.7891
1.8859 1.7866
1.8813 1.7842
1.8768 1.7817
1.8724 1.7793
1.8679 1.7769
1.8635 1.7745
1.8591 1.7721
1.8548 1.7698
1.8505 1.7674
1.8462 1.7651
1.8419 1.7628
1.8377 1.7605
1.8335 1.7582
1.8293 1.7559
1.8252 1.7537
1.8210 1.7514
1.8169 1.7492
1.8129 1.7470
1.8088 1.7448
1.8048 1.7426
1.8008 1.7404
1.7969 1.7382
1.7929 1.7361
1.7890 1.7339
1.7851 1.7318
1.7812 1.7297
1.7774 1.7276
1.7736 1.7255
1.7698 1.7234
1.7660 1.7214
1.7622 1.7193
1.7585 1.7173
1.7548 1.7152
1.7511 1.7132
1.7475 1.7112
1.7438 1.7092
1.7402 1.7072
1.7366 1.7052
1.7330 1.7033
1.7295 1.7013
1.7260 1.6994
1.7224 1.6974
1.7155 1.6936
1.7086 1.6898
1.7018 1.6861
1.6950 1.6823
1.6884 1.6787
1.6818 1.6750
1.6753 1.6714
1.6688 1.6679
1.6625 1.6643
1.6562 1.6608
1.6499 1.6574
1.6437 1.6540
1.6376 1.6506
1.6316 1.6472
1.6256 1.6439
1.6197 1.6406
1.6138 1.6373
1.6080 1.6341
1.6022 1.6309
1.5966 1.6277
1.5909 1.6245
1.5853 1.6214
1.5798 1.6183
1.5743 1.6153
1.5689 1.6122
1.5635 1.6092
1.5582 1.6062
1.5529 1.6033
1.5477 1.6003
1.5425 1.5974
1.5374 1.5945
1.5323 1.5916
1.5272 1.5888
1.5222 1.5860
1.5173 1.5832
1.5124 1.5804
1.5075 1.5777
1.5027 1.5749
1.4979 1.5722
1.4931 1.5695
1.4884 1.5669
1.4838 1.5642
1.4791 1.5616
1.4745 1.5590
1.4700 1.5564
1.4655 1.5538
1.4610 1.5513
1.4565 1.5487
1.4521 1.5462
1.4477 1.5437
1.4434 1.5412
1.4391 1.5388
1.4348 1.5363
1.4306 1.5339
1.4264 1.5315
1.4222 1.5291
1.4180 1.5267
1.4139 1.5243
1.4098 1.5220
1.4058 1.5197
1.4017 1.5173
1.3977 1.5150
1.3938 1.5128
1.3898 1.5105
1.3859 1.5082
1.3820 1.5060
1.3782 1.5038
1.3743 1.5015
1.3705 1.4993
1.3667 1.4971
1.3630 1.4950
1.3592 1.4928
1.3555 1.4907
1.3519 1.4885
1.3482 1.4864
1.3446 1.4843
1.3410 1.4822
1.3374 1.4801
1.3338 1.4780
1.3303 1.4759
1.3268 1.4739
1.3233 1.4719
1.3198 1.4698
1.3146 1.4668
1.3095 1.4638
1.3044 1.4608
1.2994 1.4579
1.2944 1.4549
1.2894 1.4520
1.2846 1.4491
1.2797 1.4463
1.2749 1.4434
1.2701 1.4406
1.2654 1.4378
1.2607 1.4350
1.2560 1.4323
1.2514 1.4296
1.2468 1.4268
1.2423 1.4241
1.2378 1.4214
1.2333 1.4188
1.2289 1.4161
1.2245 1.4135
1.2201 1.4109
1.2158 1.4083
1.2114 1.4057
1.2072 1.4032
1.2029 1.4006
1.1987 1.3981
1.1945 1.3956
1.1904 1.3931
1.1863 1.3906
1.1822 1.3881
1.1781 1.3857
1.1741 1.3832
1.1701 1.3808
1.1661 1.3784
1.1621 1.3760
1.1582 1.3736
1.1543 1.3712
1.1504 1.3689
1.1466 1.3665
1.1427 1.3642
1.1389 1.3619
1.1351 1.3595
1.1314 1.3572
1.1277 1.3550
1.1239 1.3527
1.1202 1.3504
1.1166 1.3482
1.1129 1.3459
1.1093 1.3437
1.1057 1.3415
1.1021 1.3392
1.0985 1.3370
1.0950 1.3348
1.0915 1.3327
1.0880 1.3305
1.0845 1.3283
1.0810 1.3262
1.0775 1.3240
1.0741 1.3219
1.0707 1.3198
1.0673 1.3176
1.0628 1.3148
1.0583 1.3120
1.0539 1.3092
1.0495 1.3065
1.0451 1.3037
1.0407 1.3010
1.0364 1.2982
1.0321 1.2955
1.0278 1.2928
1.0235 1.2901
1.0193 1.2875
1.0151 1.2848
1.0109 1.2821
1.0067 1.2795
1.0026 1.2768
0.9985 1.2742
0.9944 1.2716
0.9903 1.2690
0.9862 1.2664
0.9822 1.2638
0.9782 1.2613
0.9742 1.2587
0.9702 1.2561
0.9663 1.2536
0.9624 1.2510
0.9584 1.2485
0.9545 1.2460
0.9507 1.2435
0.9468 1.2410
0.9429 1.2385
0.9391 1.2360
0.9353 1.2335
0.9315 1.2310
0.9277 1.2285
0.9240 1.2261
0.9202 1.2236
0.9165 1.2212
0.9127 1.2187
0.9090 1.2163
0.9053 1.2138
0.9016 1.2114
0.8980 1.2090
0.8943 1.2065
0.8907 1.2041
0.8870 1.2017
0.8834 1.1993
0.8798 1.1969
0.8762 1.1945
0.8726 1.1921
0.8690 1.1897
0.8655 1.1873
0.8619 1.1850
0.8584 1.1826
0.8548 1.1802
0.8513 1.1778
0.8478 1.1755
0.8443 1.1731
0.8408 1.1707
0.8373 1.1684
0.8338 1.1660
0.8303 1.1637
0.8268 1.1613
0.8234 1.1590
0.8199 1.1566
0.8165 1.1543
0.8131 1.1519
0.8096 1.1496
0.8062 1.1472
0.8028 1.1449
0.7994 1.1425
0.7960 1.1402
0.7926 1.1379
0.7892 1.1355
0.7858 1.1332
0.7824 1.1309
0.7791 1.1285
0.7757 1.1262
0.7723 1.1239
0.7690 1.1215
0.7656 1.1192
0.7623 1.1169
0.7589 1.1145
0.7556 1.1122
0.7522 1.1099
0.7489 1.1075
0.7456 1.1052
0.7423 1.1029
0.7389 1.1005
0.7356 1.0982
0.7323 1.0959
0.7290 1.0935
0.7257 1.0912
0.7224 1.0888
0.7191 1.0865
0.7158 1.0842
0.7125 1.0818
0.7092 1.0795
0.7059 1.0771
0.7026 1.0748
0.6993 1.0724
0.6960 1.0701
0.6927 1.0677
0.6895 1.0654
0.6862 1.0630
0.6829 1.0607
0.6796 1.0583
0.6763 1.0559
0.6731 1.0536
0.6698 1.0512
0.6665 1.0488
0.6632 1.0465
0.6600 1.0441
0.6567 1.0417
0.6534 1.0393
0.6502 1.0369
0.6469 1.0346
0.6436 1.0322
0.6403 1.0298
0.6371 1.0274
0.6338 1.0250
0.6305 1.0226
0.6272 1.0202
0.6240 1.0178
0.6207 1.0153
0.6174 1.0129
0.6141 1.0105
0.6109 1.0081
0.6076 1.0056
0.6043 1.0032
0.6010 1.0008
0.5978 0.9983
0.5945 0.9959
0.5912 0.9934
0.5879 0.9910
0.5846 0.9885
0.5813 0.9861
0.5780 0.9836
0.5748 0.9811
0.5715 0.9786
0.5682 0.9762
0.5649 0.9737
0.5616 0.9712
0.5583 0.9687
0.5550 0.9662
0.5517 0.9637
0.5484 0.9612
0.5450 0.9587
0.5417 0.9561
0.5384 0.9536
0.5351 0.9511
0.5318 0.9485
0.5285 0.9460
0.5251 0.9435
0.5218 0.9409
0.5185 0.9383
0.5151 0.9358
0.5118 0.9332
0.5085 0.9306
0.5051 0.9281
0.5018 0.9255
0.4984 0.9229
0.4951 0.9203
0.4917 0.9177
0.4883 0.9151
0.4850 0.9124
0.4816 0.9098
0.4782 0.9072
0.4749 0.9046
0.4715 0.9019
0.4681 0.8993
0.4647 0.8966
0.4613 0.8940
0.4579 0.8913
0.4545 0.8886
0.4511 0.8859
0.4477 0.8832
0.4443 0.8806
0.4409 0.8779
0.4375 0.8752
0.4341 0.8724
0.4307 0.8697
0.4272 0.8670
0.4238 0.8643
0.4204 0.8615
0.4169 0.8588
0.4135 0.8560
0.4100 0.8533
0.4066 0.8505
0.4031 0.8477
0.3996 0.8449
0.3962 0.8421
0.3927 0.8393
0.3892 0.8365
0.3857 0.8337
0.3823 0.8309
0.3788 0.8281
0.3753 0.8252
0.3718 0.8224
0.3683 0.8196
0.3648 0.8167
0.3612 0.8138
0.3577 0.8110
0.3542 0.8081
0.3507 0.8052
0.3471 0.8023
0.3436 0.7994
0.3401 0.7965
0.3365 0.7936
0.3330 0.7907
0.3294 0.7877
0.3259 0.7848
0.3223 0.7818
0.3187 0.7789
0.3151 0.7759
0.3116 0.7729
0.3080 0.7700
0.3044 0.7670
0.3008 0.7640
0.2972 0.7610
0.2936 0.7580
0.2900 0.7550
0.2864 0.7519
0.2827 0.7489
0.2791 0.7459
0.2755 0.7428
0.2718 0.7397
0.2682 0.7367
0.2646 0.7336
0.2609 0.7305
0.2573 0.7274
0.2536 0.7243
0.2499 0.7212
0.2463 0.7181
0.2426 0.7150
0.2389 0.7119
0.2352 0.7087
0.2316 0.7056
0.2279 0.7024
0.2242 0.6993
0.2205 0.6961
0.2168 0.6929
0.2130 0.6897
0.2093 0.6865
0.2056 0.6833
0.2019 0.6801
0.1982 0.6769
0.1944 0.6737
0.1907 0.6704
0.1869 0.6672
0.1832 0.6639
0.1794 0.6607
0.1757 0.6574
0.1719 0.6541
0.1682 0.6509
0.1644 0.6476
0.1606 0.6443
0.1568 0.6410
0.1530 0.6376
0.1493 0.6343
0.1455 0.6310
0.1417 0.6277
0.1379 0.6243
0.1341 0.6210
0.1303 0.6176
0.1264 0.6142
0.1226 0.6108
0.1188 0.6075
0.1150 0.6041
0.1112 0.6007
0.1073 0.5973
0.1035 0.5938
0.0997 0.5904
0.0958 0.5870
0.0920 0.5835
0.0881 0.5801
0.0843 0.5766
0.0804 0.5732
0.0765 0.5697
0.0727 0.5662
0.0688 0.5627
0.0649 0.5592
0.0611 0.5557
0.0572 0.5522
0.0533 0.5487
0.0494 0.5452
0.0455 0.5417
0.0416 0.5381
0.0377 0.5346
0.0338 0.5310
0.0299 0.5275
0.0260 0.5239
0.0221 0.5203
0.0182 0.5168
0.0143 0.5132
0.0104 0.5096
0.0065 0.5060
0.0026 0.5024
-0.0013 0.4988
-0.0043 0.4960
-0.0072 0.4933
-0.0102 0.4906
-0.0131 0.4879
-0.0161 0.4851
-0.0190 0.4824
-0.0220 0.4797
-0.0249 0.4769
-0.0279 0.4742
-0.0308 0.4714
-0.0338 0.4687
-0.0367 0.4659
-0.0397 0.4632
-0.0426 0.4604
-0.0456 0.4577
-0.0486 0.4549
-0.0515 0.4521
-0.0545 0.4493
-0.0574 0.4466
-0.0604 0.4438
-0.0634 0.4410
-0.0663 0.4382
-0.0693 0.4354
-0.0723 0.4326
-0.0752 0.4298
-0.0782 0.4270
-0.0811 0.4242
-0.0841 0.4214
-0.0871 0.4186
-0.0900 0.4158
-0.0930 0.4130
-0.0960 0.4101
-0.0990 0.4073
-0.1019 0.4045
-0.1049 0.4017
-0.1079 0.3988
-0.1108 0.3960
-0.1138 0.3931
-0.1168 0.3903
-0.1197 0.3875
-0.1227 0.3846
-0.1257 0.3818
-0.1287 0.3789
-0.1316 0.3761
-0.1346 0.3732
-0.1376 0.3703
-0.1405 0.3675
-0.1435 0.3646
-0.1465 0.3617
-0.1495 0.3589
-0.1524 0.3560
-0.1554 0.3531
-0.1584 0.3502
-0.1613 0.3474
-0.1643 0.3445
-0.1673 0.3416
-0.1702 0.3387
-0.1732 0.3358
-0.1762 0.3329
-0.1792 0.3300
-0.1821 0.3271
-0.1851 0.3242
-0.1880 0.3213
-0.1910 0.3184
-0.1940 0.3155
-0.1969 0.3126
-0.1999 0.3097
-0.2029 0.3068
-0.2058 0.3039
-0.2088 0.3009
-0.2118 0.2980
-0.2147 0.2951
-0.2177 0.2922
-0.2206 0.2893
-0.2236 0.2863
-0.2265 0.2834
-0.2295 0.2805
-0.2324 0.2776
-0.2354 0.2746
-0.2383 0.2717
-0.2413 0.2688
-0.2442 0.2658
-0.2472 0.2629
-0.2501 0.2599
-0.2531 0.2570
-0.2560 0.2541
-0.2590 0.2511
-0.2619 0.2482
-0.2648 0.2452
-0.2678 0.2423
-0.2707 0.2393
-0.2736 0.2364
-0.2766 0.2334
-0.2795 0.2305
-0.2824 0.2275
-0.2854 0.2246
-0.2883 0.2216
-0.2912 0.2187
-0.2941 0.2157
-0.2971 0.2127
-0.3000 0.2098
-0.3029 0.2068
-0.3058 0.2039
-0.3087 0.2009
-0.3116 0.1979
-0.3145 0.1950
-0.3174 0.1920
-0.3204 0.1890
-0.3233 0.1861
-0.3262 0.1831
-0.3291 0.1801
-0.3319 0.1772
-0.3348 0.1742
-0.3377 0.1712
-0.3406 0.1683
-0.3435 0.1653
-0.3464 0.1623
-0.3493 0.1594
-0.3522 0.1564
-0.3550 0.1534
-0.3579 0.1504
-0.3608 0.1475
-0.3636 0.1445
-0.3665 0.1415
-0.3694 0.1386
-0.3722 0.1356
-0.3751 0.1326
-0.3780 0.1297
-0.3808 0.1267
-0.3837 0.1237
-0.3865 0.1207
-0.3894 0.1178
-0.3922 0.1148
-0.3950 0.1118
-0.3979 0.1089
-0.4007 0.1059
-0.4035 0.1029
-0.4064 0.0999
-0.4092 0.0970
-0.4120 0.0940
-0.4148 0.0910
-0.4176 0.0881
-0.4205 0.0851
-0.4233 0.0821
-0.4261 0.0792
-0.4289 0.0762
-0.4317 0.0732
-0.4345 0.0703
-0.4373 0.0673
-0.4401 0.0643
-0.4428 0.0614
-0.4456 0.0584
-0.4484 0.0555
-0.4512 0.0525
-0.4540 0.0495
-0.4567 0.0466
-0.4595 0.0436
-0.4623 0.0407
-0.4650 0.0377
-0.4678 0.0348
-0.4705 0.0318
-0.4733 0.0289
-0.4760 0.0259
-0.4788 0.0229
-0.4815 0.0200
-0.4842 0.0171
-0.4870 0.0141
-0.4897 0.0112
-0.4924 0.0082
-0.4951 0.0053
-0.4979 0.0023
-0.5006 -0.0006
-0.5042 -0.0045
-0.5078 -0.0085
-0.5114 -0.0124
-0.5150 -0.0163
-0.5186 -0.0202
-0.5221 -0.0241
-0.5257 -0.0280
-0.5293 -0.0319
-0.5328 -0.0358
-0.5364 -0.0397
-0.5399 -0.0436
-0.5434 -0.0475
-0.5470 -0.0514
-0.5505 -0.0552
-0.5540 -0.0591
-0.5575 -0.0630
-0.5610 -0.0669
-0.5645 -0.0707
-0.5680 -0.0746
-0.5714 -0.0785
-0.5749 -0.0823
-0.5784 -0.0862
-0.5818 -0.0900
-0.5853 -0.0939
-0.5887 -0.0977
-0.5921 -0.1016
-0.5955 -0.1054
-0.5990 -0.1092
-0.6024 -0.1131
-0.6058 -0.1169
-0.6092 -0.1207
-0.6125 -0.1245
-0.6159 -0.1284
-0.6193 -0.1322
-0.6226 -0.1360
-0.6260 -0.1398
-0.6293 -0.1436
-0.6327 -0.1474
-0.6360 -0.1512
-0.6393 -0.1549
-0.6426 -0.1587
-0.6459 -0.1625
-0.6492 -0.1663
-0.6525 -0.1700
-0.6558 -0.1738
-0.6591 -0.1776
-0.6623 -0.1813
-0.6656 -0.1851
-0.6688 -0.1888
-0.6721 -0.1926
-0.6753 -0.1963
-0.6785 -0.2000
-0.6817 -0.2037
-0.6849 -0.2075
-0.6881 -0.2112
-0.6913 -0.2149
-0.6945 -0.2186
-0.6977 -0.2223
-0.7008 -0.2260
-0.7040 -0.2297
-0.7072 -0.2334
-0.7103 -0.2371
-0.7134 -0.2408
-0.7166 -0.2444
-0.7197 -0.2481
-0.7228 -0.2518
-0.7259 -0.2554
-0.7290 -0.2591
-0.7321 -0.2627
-0.7351 -0.2664
-0.7382 -0.2700
-0.7413 -0.2737
-0.7443 -0.2773
-0.7474 -0.2809
-0.7504 -0.2845
-0.7534 -0.2882
-0.7565 -0.2918
-0.7595 -0.2954
-0.7625 -0.2990
-0.7655 -0.3026
-0.7685 -0.3062
-0.7715 -0.3098
-0.7744 -0.3133
-0.7774 -0.3169
-0.7804 -0.3205
-0.7833 -0.3241
-0.7863 -0.3276
-0.7892 -0.3312
-0.7921 -0.3347
-0.7950 -0.3383
-0.7980 -0.3418
-0.8009 -0.3454
-0.8038 -0.3489
-0.8066 -0.3524
-0.8095 -0.3560
-0.8124 -0.3595
-0.8153 -0.3630
-0.8181 -0.3665
-0.8210 -0.3700
-0.8238 -0.3735
-0.8267 -0.3770
-0.8295 -0.3805
-0.8323 -0.3840
-0.8351 -0.3875
-0.8379 -0.3910
-0.8407 -0.3944
-0.8435 -0.3979
-0.8463 -0.4014
-0.8491 -0.4048
-0.8519 -0.4083
-0.8546 -0.4117
-0.8574 -0.4152
-0.8601 -0.4186
-0.8629 -0.4221
-0.8656 -0.4255
-0.8684 -0.4289
-0.8711 -0.4324
-0.8738 -0.4358
-0.8765 -0.4392
-0.8792 -0.4426
-0.8819 -0.4460
-0.8846 -0.4494
-0.8873 -0.4528
-0.8900 -0.4562
-0.8926 -0.4596
-0.8953 -0.4630
-0.8979 -0.4664
-0.9006 -0.4698
-0.9032 -0.4732
-0.9059 -0.4766
-0.9085 -0.4799
-0.9111 -0.4833
-0.9138 -0.4867
-0.9164 -0.4900
-0.9190 -0.4934
-0.9216 -0.4967
-0.9242 -0.5001
-0.9268 -0.5034
-0.9293 -0.5068
-0.9319 -0.5101
-0.9345 -0.5135
-0.9371 -0.5168
-0.9396 -0.5201
-0.9422 -0.5235
-0.9447 -0.5268
-0.9473 -0.5301
-0.9498 -0.5334
-0.9523 -0.5368
-0.9549 -0.5401
-0.9574 -0.5434
-0.9599 -0.5467
-0.9624 -0.5500
-0.9649 -0.5533
-0.9674 -0.5566
-0.9699 -0.5599
-0.9724 -0.5632
-0.9749 -0.5665
-0.9774 -0.5698
-0.9799 -0.5731
-0.9824 -0.5764
-0.9848 -0.5797
-0.9873 -0.5830
-0.9898 -0.5863
-0.9922 -0.5895
-0.9947 -0.5928
-0.9971 -0.5961
-0.9996 -0.5994
-1.0020 -0.6027
-1.0044 -0.6060
-1.0069 -0.6092
-1.0093 -0.6125
-1.0117 -0.6158
-1.0141 -0.6191
-1.0165 -0.6223
-1.0190 -0.6256
-1.0214 -0.6289
-1.0238 -0.6322
-1.0262 -0.6354
-1.0286 -0.6387
-1.0310 -0.6420
-1.0334 -0.6452
-1.0357 -0.6485
-1.0381 -0.6518
-1.0405 -0.6551
-1.0429 -0.6583
-1.0453 -0.6616
-1.0476 -0.6649
-1.0500 -0.6682
-1.0524 -0.6714
-1.0548 -0.6747
-1.0571 -0.6780
-1.0595 -0.6813
-1.0618 -0.6845
-1.0642 -0.6878
-1.0666 -0.6911
-1.0689 -0.6944
-1.0713 -0.6977
-1.0736 -0.7010
-1.0760 -0.7042
-1.0783 -0.7075
-1.0807 -0.7108
-1.0830 -0.7141
-1.0853 -0.7174
-1.0877 -0.7207
-1.0900 -0.7240
-1.0924 -0.7273
-1.0947 -0.7306
-1.0970 -0.7340
-1.0994 -0.7373
-1.1017 -0.7406
-1.1040 -0.7439
-1.1064 -0.7472
-1.1087 -0.7506
-1.1110 -0.7539
-1.1134 -0.7572
-1.1157 -0.7606
-1.1180 -0.7639
-1.1204 -0.7673
-1.1227 -0.7706
-1.1250 -0.7740
-1.1274 -0.7774
-1.1297 -0.7807
-1.1320 -0.7841
-1.1344 -0.7875
-1.1367 -0.7909
-1.1390 -0.7943
-1.1414 -0.7977
-1.1437 -0.8011
-1.1461 -0.8045
-1.1484 -0.8079
-1.1507 -0.8113
-1.1531 -0.8148
-1.1554 -0.8182
-1.1578 -0.8217
-1.1601 -0.8251
-1.1625 -0.8286
-1.1648 -0.8320
-1.1672 -0.8355
-1.1696 -0.8390
-1.1719 -0.8425
-1.1743 -0.8460
-1.1766 -0.8495
-1.1790 -0.8530
-1.1814 -0.8566
-1.1838 -0.8601
-1.1862 -0.8637
-1.1885 -0.8672
-1.1909 -0.8708
-1.1933 -0.8744
-1.1957 -0.8780
-1.1981 -0.8816
-1.2005 -0.8852
-1.2029 -0.8888
-1.2053 -0.8925
-1.2078 -0.8961
-1.2102 -0.8998
-1.2126 -0.9035
-1.2150 -0.9072
-1.2175 -0.9109
-1.2199 -0.9146
-1.2224 -0.9183
-1.2248 -0.9221
-1.2273 -0.9258
-1.2298 -0.9296
-1.2322 -0.9334
-1.2347 -0.9372
-1.2372 -0.9410
-1.2397 -0.9449
-1.2422 -0.9487
-1.2447 -0.9526
-1.2472 -0.9565
-1.2498 -0.9604
-1.2523 -0.9643
-1.2549 -0.9683
-1.2574 -0.9722
-1.2600 -0.9762
-1.2625 -0.9802
-1.2651 -0.9842
-1.2677 -0.9883
-1.2703 -0.9923
-1.2729 -0.9964
-1.2755 -1.0005
-1.2782 -1.0047
-1.2808 -1.0088
-1.2835 -1.0130
-1.2861 -1.0172
-1.2888 -1.0214
-1.2915 -1.0256
-1.2942 -1.0299
-1.2969 -1.0342
-1.2996 -1.0385
-1.3023 -1.0429
-1.3051 -1.0473
-1.3079 -1.0517
-1.3106 -1.0561
-1.3134 -1.0606
-1.3162 -1.0650
-1.3191 -1.0696
-1.3212 -1.0730
-1.3233 -1.0764
-1.3255 -1.0798
-1.3276 -1.0833
-1.3298 -1.0868
-1.3319 -1.0903
-1.3341 -1.0938
-1.3363 -1.0974
-1.3385 -1.1009
-1.3407 -1.1045
-1.3429 -1.1081
-1.3452 -1.1117
-1.3474 -1.1154
-1.3497 -1.1190
-1.3519 -1.1227
-1.3542 -1.1264
-1.3565 -1.1301
-1.3588 -1.1339
-1.3611 -1.1377
-1.3634 -1.1415
-1.3657 -1.1453
-1.3681 -1.1491
-1.3704 -1.1530
-1.3728 -1.1569
-1.3752 -1.1608
-1.3776 -1.1648
-1.3800 -1.1687
-1.3824 -1.1727
-1.3848 -1.1768
-1.3873 -1.1808
-1.3898 -1.1849
-1.3922 -1.1890
-1.3947 -1.1932
-1.3972 -1.1973
-1.3998 -1.2015
-1.4023 -1.2058
-1.4049 -1.2100
-1.4074 -1.2143
-1.4100 -1.2186
-1.4126 -1.2230
-1.4153 -1.2274
-1.4179 -1.2318
-1.4206 -1.2363
-1.4232 -1.2408
-1.4259 -1.2453
-1.4286 -1.2499
-1.4314 -1.2545
-1.4341 -1.2591
-1.4369 -1.2638
-1.4397 -1.2685
-1.4425 -1.2733
-1.4453 -1.2781
-1.4482 -1.2829
-1.4511 -1.2878
-1.4540 -1.2927
-1.4569 -1.2977
-1.4598 -1.3027
-1.4628 -1.3078
-1.4658 -1.3129
-1.4688 -1.3181
-1.4708 -1.3215
-1.4729 -1.3250
-1.4749 -1.3285
-1.4770 -1.3320
-1.4790 -1.3356
-1.4811 -1.3392
-1.4832 -1.3428
-1.4853 -1.3464
-1.4875 -1.3500
-1.4896 -1.3537
-1.4917 -1.3574
-1.4939 -1.3611
-1.4961 -1.3649
-1.4982 -1.3686
-1.5004 -1.3724
-1.5026 -1.3762
-1.5049 -1.3801
-1.5071 -1.3840
-1.5094 -1.3879
-1.5116 -1.3918
-1.5139 -1.3957
-1.5162 -1.3997
-1.5185 -1.4037
-1.5208 -1.4078
-1.5232 -1.4119
-1.5255 -1.4160
-1.5279 -1.4201
-1.5303 -1.4243
-1.5327 -1.4285
-1.5351 -1.4327
-1.5375 -1.4369
-1.5400 -1.4412
-1.5425 -1.4456
-1.5450 -1.4499
-1.5475 -1.4543
-1.5500 -1.4588
-1.5525 -1.4632
-1.5551 -1.4677
-1.5577 -1.4723
-1.5603 -1.4768
-1.5629 -1.4814
-1.5655 -1.4861
-1.5682 -1.4908
-1.5709 -1.4955
-1.5736 -1.5003
-1.5763 -1.5051
-1.5790 -1.5099
-1.5818 -1.5148
-1.5846 -1.5198
-1.5874 -1.5247
-1.5902 -1.5298
-1.5931 -1.5348
-1.5960 -1.5399
-1.5989 -1.5451
-1.6018 -1.5503
-1.6047 -1.5555
-1.6077 -1.5608
-1.6107 -1.5662
-1.6137 -1.5716
-1.6168 -1.5771
-1.6199 -1.5826
-1.6230 -1.5881
-1.6261 -1.5937
-1.6293 -1.5994
-1.6325 -1.6051
-1.6357 -1.6109
-1.6389 -1.6167
-1.6422 -1.6226
-1.6455 -1.6286
-1.6489 -1.6346
-1.6523 -1.6407
-1.6557 -1.6468
-1.6591 -1.6530
-1.6626 -1.6593
-1.6661 -1.6656
-1.6696 -1.6721
-1.6732 -1.6785
-1.6768 -1.6851
-1.6805 -1.6917
-1.6842 -1.6984
-1.6879 -1.7052
-1.6917 -1.7120
-1.6955 -1.7189
-1.6994 -1.7260
-1.7013 -1.7295
-1.7033 -1.7330
-1.7052 -1.7366
-1.7072 -1.7402
-1.7092 -1.7438
-1.7112 -1.7475
-1.7132 -1.7511
-1.7152 -1.7548
-1.7173 -1.7585
-1.7193 -1.7622
-1.7214 -1.7660
-1.7234 -1.7698
-1.7255 -1.7736
-1.7276 -1.7774
-1.7297 -1.7812
-1.7318 -1.7851
-1.7339 -1.7890
-1.7361 -1.7929
-1.7382 -1.7969
-1.7404 -1.8008
-1.7426 -1.8048
-1.7448 -1.8088
-1.7470 -1.8129
-1.7492 -1.8169
-1.7514 -1.8210
-1.7537 -1.8252
-1.7559 -1.8293
-1.7582 -1.8335
-1.7605 -1.8377
-1.7628 -1.8419
-1.7651 -1.8462
-1.7674 -1.8505
-1.7698 -1.8548
-1.7721 -1.8591
-1.7745 -1.8635
-1.7769 -1.8679
-1.7793 -1.8724
-1.7817 -1.8768
-1.7842 -1.8813
-1.7866 -1.8859
-1.7891 -1.8904
-1.7916 -1.8950
-1.7941 -1.8996
-1.7966 -1.9043
-1.7992 -1.9090
-1.8017 -1.9137
-1.8043 -1.9185
-1.8069 -1.9233
-1.8095 -1.9281
-1.8121 -1.9330
-1.8148 -1.9379
-1.8174 -1.9428
-1.8201 -1.9478
-1.8228 -1.9528
-1.8255 -1.9579
-1.8283 -1.9630
-1.8311 -1.9681
-1.8338 -1.9733
-1.8366 -1.9785
-1.8395 -1.9837
-1.8423 -1.9890
-1.8452 -1.9944
-1.8481 -1.9997
-1.8510 -2.0052
-1.8539 -2.0106
-1.8569 -2.0161
-1.8598 -2.0217
-1.8628 -2.0273
-1.8659 -2.0329
-1.8689 -2.0386
-1.8720 -2.0443
-1.8751 -2.0501
-1.8782 -2.0559
-1.8813 -2.0618
-1.8845 -2.0678
-1.8877 -2.0737
-1.8909 -2.0798
-1.8942 -2.0859
-1.8975 -2.0920
-1.9008 -2.0982
-1.9041 -2.1044
-1.9075 -2.1107
-1.9109 -2.1171
-1.9143 -2.1235
-1.9177 -2.1300
-1.9212 -2.1365
-1.9247 -2.1431
-1.9282 -2.1497
-1.9318 -2.1565
-1.9354 -2.1632
-1.9391 -2.1701
-1.9427 -2.1770
-1.9464 -2.1839
-1.9502 -2.1910
-1.9539 -2.1981
-1.9577 -2.2053
-1.9616 -2.2125
-1.9655 -2.2198
-1.9694 -2.2272
-1.9733 -2.2347
-1.9773 -2.2422
-1.9813 -2.2498
-1.9854 -2.2575
-1.9895 -2.2652
-1.9937 -2.2731
-1.9979 -2.2810
-2.0021 -2.2890
-2.0064 -2.2971
-2.0107 -2.3053
-2.0150 -2.3136
-2.0195 -2.3219
-2.0239 -2.3304
-2.0284 -2.3389
-2.0330 -2.3475
-2.0376 -2.3563
-2.0422 -2.3651
-2.0469 -2.3740
-2.0517 -2.3831
-2.0565 -2.3922
-2.0613 -2.4014
-2.0662 -2.4108
-2.0712 -2.4202
-2.0762 -2.4298
-2.0813 -2.4395
-2.0864 -2.4493
-2.0916 -2.4592
-2.0969 -2.4692
-2.1022 -2.4794
-2.1076 -2.4897
-2.1131 -2.5001
-2.1186 -2.5106
-2.1242 -2.5213
-2.1298 -2.5321
-2.1356 -2.5431
-2.1414 -2.5542
-2.1472 -2.5654
-2.1532 -2.5768
-2.1592 -2.5883
-2.1653 -2.6000
-2.1715 -2.6119
-2.1778 -2.6239
-2.1841 -2.6361
-2.1906 -2.6485
-2.1971 -2.6610
-2.2037 -2.6738
-2.2105 -2.6867
-2.2173 -2.6998
-2.2242 -2.7130
-2.2312 -2.7265
-2.2383 -2.7402
-2.2455 -2.7541
-2.2529 -2.7682
-2.2603 -2.7826
-2.2679 -2.7971
-2.2755 -2.8119
-2.2833 -2.8269
-2.2912 -2.8422
-2.2993 -2.8577
-2.3074 -2.8735
-2.3157 -2.8895
-2.3242 -2.9058
-2.3328 -2.9224
-2.3415 -2.9393
-2.3504 -2.9565
-2.3594 -2.9739
-2.3686 -2.9917
-2.3780 -3.0098
-2.3875 -3.0283
-2.3972 -3.0471
-2.4070 -3.0662
-2.4171 -3.0857
-2.4274 -3.1056
-2.4378 -3.1259
-2.4485 -3.1466
-2.4593 -3.1677
-2.4704 -3.1892
-2.4817 -3.2112
-2.4932 -3.2336
-2.5050 -3.2566
-2.5170 -3.2800
-2.5293 -3.3039
-2.5419 -3.3284
-2.5547 -3.3534
-2.5678 -3.3789
-2.5813 -3.4051
-2.5950 -3.4319
-2.6091 -3.4593
-2.6235 -3.4875
-2.6382 -3.5163
-2.6533 -3.5458
-2.6688 -3.5761
-2.6847 -3.6072
-2.7010 -3.6391
-2.7178 -3.6718
-2.7350 -3.7055
-2.7526 -3.7401
-2.7708 -3.7757
nan nan
0.9248 3.7737
0.9081 3.7410
0.8919 3.7093
0.8761 3.6783
0.8606 3.6482
0.8456 3.6188
0.8309 3.5901
0.8166 3.5622
0.8026 3.5349
0.7890 3.5082
0.7756 3.4822
0.7626 3.4567
0.7498 3.4319
0.7373 3.4075
0.7251 3.3838
0.7131 3.3605
0.7014 3.3377
0.6900 3.3154
0.6787 3.2936
0.6677 3.2722
0.6569 3.2512
0.6464 3.2307
0.6360 3.2106
0.6258 3.1908
0.6158 3.1714
0.6060 3.1524
0.5964 3.1338
0.5870 3.1155
0.5777 3.0975
0.5686 3.0799
0.5596 3.0625
0.5508 3.0455
0.5421 3.0288
0.5336 3.0123
0.5253 2.9962
0.5170 2.9803
0.5089 2.9646
0.5010 2.9493
0.4931 2.9341
0.4854 2.9193
0.4778 2.9046
0.4704 2.8902
0.4630 2.8760
0.4557 2.8621
0.4486 2.8483
0.4416 2.8348
0.4346 2.8214
0.4278 2.8083
0.4210 2.7953
0.4144 2.7826
0.4079 2.7700
0.4014 2.7576
0.3950 2.7454
0.3887 2.7334
0.3826 2.7215
0.3764 2.7098
0.3704 2.6982
0.3645 2.6868
0.3586 2.6756
0.3528 2.6645
0.3471 2.6535
0.3414 2.6427
0.3358 2.6320
0.3303 2.6215
0.3249 2.6111
0.3195 2.6009
0.3142 2.5907
0.3089 2.5807
0.3038 2.5708
0.2986 2.5611
0.2936 2.5514
0.2886 2.5419
0.2836 2.5325
0.2787 2.5232
0.2739 2.5140
0.2691 2.5049
0.2644 2.4959
0.2597 2.4870
0.2551 2.4783
0.2506 2.4696
0.2460 2.4610
0.2416 2.4525
0.2372 2.4442
0.2328 2.4359
0.2285 2.4277
0.2242 2.4195
0.2199 2.4115
0.2157 2.4036
0.2116 2.3957
0.2075 2.3879
0.2034 2.3803
0.1994 2.3726
0.1954 2.3651
0.1915 2.3577
0.1875 2.3503
0.1837 2.3430
0.1798 2.3357
0.1761 2.3286
0.1723 2.3215
0.1686 2.3145
0.1649 2.3075
0.1612 2.3007
0.1576 2.2939
0.1540 2.2871
0.1505 2.2804
0.1470 2.2738
0.1435 2.2673
0.1400 2.2608
0.1366 2.2543
0.1332 2.2480
0.1298 2.2416
0.1265 2.2354
0.1232 2.2292
0.1199 2.2230
0.1167 2.2170
0.1135 2.2109
0.1103 2.2049
0.1071 2.1990
0.1040 2.1931
0.1008 2.1873
0.0978 2.1816
0.0947 2.1758
0.0917 2.1702
0.0887 2.1645
0.0857 2.1590
0.0827 2.1534
0.0798 2.1480
0.0769 2.1425
0.0740 2.1371
0.0711 2.1318
0.0682 2.1265
0.0654 2.1212
0.0626 2.1160
0.0598 2.1109
0.0571 2.1057
0.0544 2.1006
0.0516 2.0956
0.0489 2.0906
0.0463 2.0856
0.0436 2.0807
0.0410 2.0758
0.0384 2.0710
0.0358 2.0661
0.0332 2.0614
0.0306 2.0566
0.0281 2.0519
0.0256 2.0473
0.0231 2.0426
0.0206 2.0380
0.0181 2.0335
0.0157 2.0289
0.0132 2.0244
0.0108 2.0200
0.0084 2.0155
0.0060 2.0112
0.0037 2.0068
0.0013 2.0025
-0.0010 1.9982
-0.0033 1.9939
-0.0056 1.9896
-0.0079 1.9854
-0.0102 1.9813
-0.0124 1.9771
-0.0147 1.9730
-0.0169 1.9689
-0.0191 1.9648
-0.0213 1.9608
-0.0235 1.9568
-0.0256 1.9528
-0.0278 1.9489
-0.0299 1.9449
-0.0321 1.9410
-0.0342 1.9372
-0.0363 1.9333
-0.0384 1.9295
-0.0404 1.9257
-0.0425 1.9219
-0.0445 1.9182
-0.0466 1.9145
-0.0486 1.9108
-0.0506 1.9071
-0.0526 1.9035
-0.0546 1.8998
-0.0565 1.8962
-0.0585 1.8927
-0.0605 1.8891
-0.0624 1.8856
-0.0643 1.8821
-0.0681 1.8751
-0.0719 1.8682
-0.0756 1.8615
-0.0793 1.8548
-0.0830 1.8481
-0.0866 1.8416
-0.0901 1.8352
-0.0936 1.8288
-0.0971 1.8225
-0.1006 1.8162
-0.1040 1.8101
-0.1073 1.8040
-0.1107 1.7980
-0.1139 1.7920
-0.1172 1.7862
-0.1204 1.7803
-0.1236 1.7746
-0.1268 1.7689
-0.1299 1.7633
-0.1330 1.7577
-0.1361 1.7522
-0.1391 1.7468
-0.1421 1.7414
-0.1451 1.7361
-0.1480 1.7308
-0.1509 1.7256
-0.1538 1.7204
-0.1567 1.7153
-0.1595 1.7103
-0.1623 1.7053
-0.1651 1.7003
-0.1678 1.6954
-0.1706 1.6906
-0.1733 1.6858
-0.1759 1.6810
-0.1786 1.6763
-0.1812 1.6716
-0.1838 1.6670
-0.1864 1.6624
-0.1890 1.6579
-0.1915 1.6534
-0.1940 1.6490
-0.1965 1.6446
-0.1990 1.6402
-0.2014 1.6359
-0.2039 1.6316
-0.2063 1.6274
-0.2087 1.6232
-0.2110 1.6190
-0.2134 1.6149
-0.2157 1.6108
-0.2180 1.6067
-0.2203 1.6027
-0.2226 1.5988
-0.2248 1.5948
-0.2271 1.5909
-0.2293 1.5870
-0.2315 1.5832
-0.2337 1.5794
-0.2358 1.5756
-0.2380 1.5718
-0.2401 1.5681
-0.2422 1.5644
-0.2443 1.5608
-0.2464 1.5572
-0.2485 1.5536
-0.2505 1.5500
-0.2526 1.5465
-0.2546 1.5430
-0.2566 1.5395
-0.2596 1.5343
-0.2625 1.5292
-0.2654 1.5242
-0.2683 1.5192
-0.2712 1.5143
-0.2740 1.5094
-0.2768 1.5046
-0.2796 1.4999
-0.2823 1.4952
-0.2850 1.4905
-0.2877 1.4859
-0.2903 1.4814
-0.2930 1.4769
-0.2956 1.4725
-0.2982 1.4681
-0.3007 1.4637
-0.3032 1.4594
-0.3057 1.4552
-0.3082 1.4510
-0.3107 1.4468
-0.3131 1.4427
-0.3155 1.4386
-0.3179 1.4346
-0.3203 1.4306
-0.3226 1.4266
-0.3249 1.4227
-0.3272 1.4188
-0.3295 1.4150
-0.3318 1.4112
-0.3340 1.4074
-0.3363 1.4037
-0.3385 1.4000
-0.3406 1.3964
-0.3428 1.3928
-0.3450 1.3892
-0.3471 1.3856
-0.3492 1.3821
-0.3513 1.3786
-0.3534 1.3752
-0.3561 1.3706
-0.3588 1.3661
-0.3615 1.3617
-0.3642 1.3573
-0.3668 1.3530
-0.3694 1.3487
-0.3719 1.3445
-0.3745 1.3403
-0.3770 1.3362
-0.3795 1.3321
-0.3820 1.3280
-0.3844 1.3240
-0.3868 1.3201
-0.3892 1.3162
-0.3916 1.3123
-0.3940 1.3085
-0.3963 1.3047
-0.3986 1.3010
-0.4009 1.2973
-0.4031 1.2936
-0.4054 1.2900
-0.4076 1.2865
-0.4098 1.2829
-0.4120 1.2794
-0.4141 1.2759
-0.4163 1.2725
-0.4184 1.2691
-0.4210 1.2649
-0.4236 1.2608
-0.4262 1.2567
-0.4288 1.2526
-0.4313 1.2486
-0.4338 1.2447
-0.4362 1.2408
-0.4387 1.2369
-0.4411 1.2331
-0.4435 1.2294
-0.4459 1.2257
-0.4482 1.2220
-0.4505 1.2183
-0.4528 1.2148
-0.4551 1.2112
-0.4574 1.2077
-0.4596 1.2042
-0.4618 1.2008
-0.4640 1.1974
-0.4662 1.1940
-0.4688 1.1901
-0.4713 1.1861
-0.4738 1.1822
-0.4763 1.1784
-0.4788 1.1746
-0.4813 1.1709
-0.4837 1.1672
-0.4861 1.1635
-0.4885 1.1599
-0.4908 1.1564
-0.4931 1.1529
-0.4955 1.1494
-0.4977 1.1459
-0.5000 1.1425
-0.5022 1.1392
-0.5048 1.1353
-0.5074 1.1315
-0.5099 1.1277
-0.5124 1.1240
-0.5149 1.1203
-0.5174 1.1167
-0.5198 1.1131
-0.5222 1.1096
-0.5246 1.1061
-0.5269 1.1026
-0.5293 1.0992
-0.5316 1.0958
-0.5339 1.0925
-0.5365 1.0888
-0.5390 1.0850
-0.5416 1.0814
-0.5441 1.0778
-0.5466 1.0742
-0.5490 1.0707
-0.5515 1.0672
-0.5539 1.0638
-0.5563 1.0604
-0.5587 1.0570
-0.5610 1.0537
-0.5633 1.0504
-0.5659 1.0468
-0.5685 1.0432
-0.5710 1.0397
-0.5735 1.0362
-0.5760 1.0327
-0.5785 1.0293
-0.5809 1.0260
-0.5833 1.0226
-0.5857 1.0193
-0.5881 1.0161
-0.5907 1.0125
-0.5933 1.0090
-0.5959 1.0056
-0.5984 1.0021
-0.6009 0.9987
-0.6034 0.9954
-0.6059 0.9921
-0.6084 0.9888
-0.6108 0.9856
-0.6134 0.9821
-0.6160 0.9787
-0.6186 0.9752
-0.6212 0.9719
-0.6238 0.9685
-0.6263 0.9653
-0.6288 0.9620
-0.6313 0.9588
-0.6338 0.9556
-0.6365 0.9522
-0.6391 0.9488
-0.6417 0.9455
-0.6444 0.9422
-0.6469 0.9389
-0.6495 0.9357
-0.6521 0.9325
-0.6546 0.9293
-0.6571 0.9262
-0.6598 0.9229
-0.6625 0.9196
-0.6652 0.9163
-0.6678 0.9130
-0.6704 0.9099
-0.6731 0.9067
-0.6757 0.9036
-0.6782 0.9005
-0.6808 0.8974
-0.6835 0.8941
-0.6863 0.8909
-0.6890 0.8877
-0.6917 0.8845
-0.6944 0.8813
-0.6971 0.8782
-0.6997 0.8751
-0.7024 0.8721
-0.7050 0.8691
-0.7078 0.8658
-0.7106 0.8626
-0.7134 0.8595
-0.7162 0.8563
-0.7190 0.8532
-0.7217 0.8501
-0.7245 0.8471
-0.7272 0.8440
-0.7300 0.8410
-0.7327 0.8380
-0.7355 0.8350
-0.7382 0.8321
-0.7409 0.8291
-0.7438 0.8260
-0.7467 0.8229
-0.7496 0.8199
-0.7525 0.8168
-0.7554 0.8137
-0.7583 0.8107
-0.7611 0.8077
-0.7640 0.8047
-0.7669 0.8017
-0.7698 0.7987
-0.7727 0.7958
-0.7756 0.7928
-0.7785 0.7899
-0.7815 0.7869
-0.7844 0.7840
-0.7873 0.7811
-0.7902 0.7782
-0.7932 0.7753
-0.7961 0.7724
-0.7991 0.7695
-0.8021 0.7666
-0.8051 0.7637
-0.8081 0.7608
-0.8111 0.7579
-0.8141 0.7550
-0.8172 0.7521
-0.8202 0.7492
-0.8233 0.7463
-0.8264 0.7434
-0.8295 0.7405
-0.8325 0.7378
-0.8354 0.7351
-0.8384 0.7324
-0.8414 0.7296
-0.8444 0.7269
-0.8475 0.7241
-0.8506 0.7214
-0.8536 0.7186
-0.8568 0.7158
-0.8599 0.7131
-0.8631 0.7103
-0.8663 0.7075
-0.8695 0.7046
-0.8725 0.7020
-0.8756 0.6993
-0.8787 0.6967
-0.8818 0.6940
-0.8849 0.6913
-0.8881 0.6886
-0.8913 0.6859
-0.8946 0.6832
-0.8979 0.6804
-0.9009 0.6778
-0.9040 0.6753
-0.9072 0.6727
-0.9103 0.6700
-0.9135 0.6674
-0.9168 0.6648
-0.9201 0.6621
-0.9234 0.6594
-0.9267 0.6567
-0.9298 0.6542
-0.9330 0.6516
-0.9362 0.6491
-0.9394 0.6465
-0.9427 0.6439
-0.9460 0.6413
-0.9494 0.6387
-0.9528 0.6360
-0.9562 0.6333
-0.9594 0.6309
-0.9626 0.6284
-0.9658 0.6259
-0.9691 0.6233
-0.9725 0.6208
-0.9759 0.6182
-0.9793 0.6156
-0.9827 0.6129
-0.9863 0.6103
-0.9895 0.6079
-0.9928 0.6054
-0.9961 0.6029
-0.9994 0.6004
-1.0028 0.5979
-1.0062 0.5954
-1.0097 0.5928
-1.0132 0.5902
-1.0168 0.5876
-1.0201 0.5852
-1.0234 0.5828
-1.0267 0.5804
-1.0301 0.5779
-1.0335 0.5755
-1.0369 0.5730
-1.0405 0.5705
-1.0440 0.5679
-1.0476 0.5653
-1.0512 0.5628
-1.0545 0.5604
-1.0579 0.5581
-1.0612 0.5557
-1.0646 0.5533
-1.0681 0.5509
-1.0716 0.5484
-1.0751 0.5460
-1.0787 0.5435
-1.0823 0.5410
-1.0860 0.5384
-1.0897 0.5358
-1.0930 0.5336
-1.0963 0.5313
-1.0997 0.5290
-1.1031 0.5266
-1.1066 0.5242
-1.1101 0.5219
-1.1136 0.5195
-1.1172 0.5170
-1.1208 0.5146
-1.1245 0.5121
-1.1283 0.5096
-1.1320 0.5070
-1.1359 0.5045
-1.1397 0.5019
-1.1431 0.4996
-1.1465 0.4974
-1.1500 0.4951
-1.1534 0.4928
-1.1570 0.4904
-1.1605 0.4881
-1.1641 0.4857
-1.1678 0.4833
-1.1715 0.4809
-1.1752 0.4784
-1.1790 0.4759
-1.1829 0.4734
-1.1868 0.4709
-1.1907 0.4683
-1.1947 0.4657
-1.1981 0.4636
-1.2015 0.4614
-1.2049 0.4591
-1.2084 0.4569
-1.2119 0.4546
-1.2155 0.4524
-1.2191 0.4501
-1.2227 0.4477
-1.2264 0.4454
-1.2301 0.4430
-1.2339 0.4406
-1.2377 0.4382
-1.2416 0.4357
-1.2455 0.4333
-1.2494 0.4308
-1.2534 0.4283
-1.2575 0.4257
-1.2616 0.4231
-1.2658 0.4205
-1.2700 0.4179
-1.2734 0.4158
-1.2768 0.4136
-1.2803 0.4114
-1.2838 0.4093
-1.2873 0.4070
-1.2909 0.4048
-1.2946 0.4026
-1.2982 0.4003
-1.3019 0.3980
-1.3057 0.3957
-1.3095 0.3934
-1.3133 0.3910
-1.3172 0.3886
-1.3211 0.3862
-1.3250 0.3838
-1.3290 0.3814
-1.3331 0.3789
-1.3372 0.3764
-1.3413 0.3739
-1.3455 0.3713
-1.3498 0.3687
-1.3541 0.3661
-1.3584 0.3635
-1.3628 0.3608
-1.3673 0.3581
-1.3718 0.3554
-1.3763 0.3527
-1.3798 0.3506
-1.3833 0.3485
-1.3868 0.3464
-1.3904 0.3442
-1.3940 0.3421
-1.3976 0.3399
-1.4012 0.3377
-1.4049 0.3355
-1.4087 0.3333
-1.4125 0.3310
-1.4163 0.3288
-1.4201 0.3265
-1.4240 0.3242
-1.4279 0.3218
-1.4319 0.3195
-1.4359 0.3171
-1.4400 0.3147
-1.4440 0.3123
-1.4482 0.3099
-1.4524 0.3074
-1.4566 0.3049
-1.4609 0.3024
-1.4652 0.2999
-1.4695 0.2973
-1.4739 0.2947
-1.4784 0.2921
-1.4829 0.2895
-1.4875 0.2868
-1.4921 0.2841
-1.4967 0.2814
-1.5015 0.2786
-1.5062 0.2759
-1.5111 0.2731
-1.5159 0.2702
-1.5209 0.2674
-1.5259 0.2645
-1.5309 0.2615
-1.5361 0.2586
-1.5412 0.2556
-1.5447 0.2536
-1.5482 0.2515
-1.5518 0.2495
-1.5554 0.2474
-1.5590 0.2454
-1.5626 0.2433
-1.5663 0.2412
-1.5700 0.2390
-1.5737 0.2369
-1.5775 0.2347
-1.5813 0.2326
-1.5851 0.2304
-1.5890 0.2282
-1.5928 0.2259
-1.5968 0.2237
-1.6007 0.2214
-1.6047 0.2192
-1.6088 0.2169
-1.6128 0.2145
-1.6169 0.2122
-1.6211 0.2098
-1.6253 0.2075
-1.6295 0.2051
-1.6338 0.2026
-1.6381 0.2002
-1.6424 0.1977
-1.6468 0.1953
-1.6512 0.1928
-1.6557 0.1902
-1.6602 0.1877
-1.6647 0.1851
-1.6693 0.1825
-1.6740 0.1799
-1.6786 0.1773
-1.6834 0.1746
-1.6882 0.1719
-1.6930 0.1692
-1.6979 0.1665
-1.7028 0.1637
-1.7078 0.1609
-1.7128 0.1581
-1.7179 0.1553
-1.7230 0.1524
-1.7282 0.1495
-1.7334 0.1466
-1.7387 0.1436
-1.7441 0.1406
-1.7495 0.1376
-1.7550 0.1345
-1.7605 0.1315
-1.7661 0.1284
-1.7717 0.1252
-1.7775 0.1220
-1.7832 0.1188
-1.7891 0.1156
-1.7950 0.1123
-1.8010 0.1090
-1.8070 0.1056
-1.8132 0.1023
-1.8193 0.0988
-1.8256 0.0954
-1.8320 0.0919
-1.8384 0.0883
-1.8449 0.0848
-1.8514 0.0811
-1.8581 0.0775
-1.8648 0.0738
-1.8717 0.0700
-1.8786 0.0662
-1.8856 0.0624
-1.8891 0.0605
-1.8927 0.0585
-1.8962 0.0565
-1.8998 0.0546
-1.9035 0.0526
-1.9071 0.0506
-1.9108 0.0486
-1.9145 0.0466
-1.9182 0.0445
-1.9219 0.0425
-1.9257 0.0404
-1.9295 0.0384
-1.9333 0.0363
-1.9372 0.0342
-1.9410 0.0321
-1.9449 0.0299
-1.9489 0.0278
-1.9528 0.0256
-1.9568 0.0235
-1.9608 0.0213
-1.9648 0.0191
-1.9689 0.0169
-1.9730 0.0147
-1.9771 0.0124
-1.9813 0.0102
-1.9854 0.0079
-1.9896 0.0056
-1.9939 0.0033
-1.9982 0.0010
-2.0025 -0.0013
-2.0068 -0.0037
-2.0112 -0.0060
-2.0155 -0.0084
-2.0200 -0.0108
-2.0244 -0.0132
-2.0289 -0.0157
-2.0335 -0.0181
-2.0380 -0.0206
-2.0426 -0.0231
-2.0473 -0.0256
-2.0519 -0.0281
-2.0566 -0.0306
-2.0614 -0.0332
-2.0661 -0.0358
-2.0710 -0.0384
-2.0758 -0.0410
-2.0807 -0.0436
-2.0856 -0.0463
-2.0906 -0.0489
-2.0956 -0.0516
-2.1006 -0.0544
-2.1057 -0.0571
-2.1109 -0.0598
-2.1160 -0.0626
-2.1212 -0.0654
-2.1265 -0.0682
-2.1318 -0.0711
-2.1371 -0.0740
-2.1425 -0.0769
-2.1480 -0.0798
-2.1534 -0.0827
-2.1590 -0.0857
-2.1645 -0.0887
-2.1702 -0.0917
-2.1758 -0.0947
-2.1816 -0.0978
-2.1873 -0.1008
-2.1931 -0.1040
-2.1990 -0.1071
-2.2049 -0.1103
-2.2109 -0.1135
-2.2170 -0.1167
-2.2230 -0.1199
-2.2292 -0.1232
-2.2354 -0.1265
-2.2416 -0.1298
-2.2480 -0.1332
-2.2543 -0.1366
-2.2608 -0.1400
-2.2673 -0.1435
-2.2738 -0.1470
-2.2804 -0.1505
-2.2871 -0.1540
-2.2939 -0.1576
-2.3007 -0.1612
-2.3075 -0.1649
-2.3145 -0.1686
-2.3215 -0.1723
-2.3286 -0.1761
-2.3357 -0.1798
-2.3430 -0.1837
-2.3503 -0.1875
-2.3577 -0.1915
-2.3651 -0.1954
-2.3726 -0.1994
-2.3803 -0.2034
-2.3879 -0.2075
-2.3957 -0.2116
-2.4036 -0.2157
-2.4115 -0.2199
-2.4195 -0.2242
-2.4277 -0.2285
-2.4359 -0.2328
-2.4442 -0.2372
-2.4525 -0.2416
-2.4610 -0.2460
-2.4696 -0.2506
-2.4783 -0.2551
-2.4870 -0.2597
-2.4959 -0.2644
-2.5049 -0.2691
-2.5140 -0.2739
-2.5232 -0.2787
-2.5325 -0.2836
-2.5419 -0.2886
-2.5514 -0.2936
-2.5611 -0.2986
-2.5708 -0.3038
-2.5807 -0.3089
-2.5907 -0.3142
-2.6009 -0.3195
-2.6111 -0.3249
-2.6215 -0.3303
-2.6320 -0.3358
-2.6427 -0.3414
-2.6535 -0.3471
-2.6645 -0.3528
-2.6756 -0.3586
-2.6868 -0.3645
-2.6982 -0.3704
-2.7098 -0.3764
-2.7215 -0.3826
-2.7334 -0.3887
-2.7454 -0.3950
-2.7576 -0.4014
-2.7700 -0.4079
-2.7826 -0.4144
-2.7953 -0.4210
-2.8083 -0.4278
-2.8214 -0.4346
-2.8348 -0.4416
-2.8483 -0.4486
-2.8621 -0.4557
-2.8760 -0.4630
-2.8902 -0.4704
-2.9046 -0.4778
-2.9193 -0.4854
-2.9341 -0.4931
-2.9493 -0.5010
-2.9646 -0.5089
-2.9803 -0.5170
-2.9962 -0.5253
-3.0123 -0.5336
-3.0288 -0.5421
-3.0455 -0.5508
-3.0625 -0.5596
-3.0799 -0.5686
-3.0975 -0.5777
-3.1155 -0.5870
-3.1338 -0.5964
-3.1524 -0.6060
-3.1714 -0.6158
-3.1908 -0.6258
-3.2106 -0.6360
-3.2307 -0.6464
-3.2512 -0.6569
-3.2722 -0.6677
-3.2936 -0.6787
-3.3154 -0.6900
-3.3377 -0.7014
-3.3605 -0.7131
-3.3838 -0.7251
-3.4075 -0.7373
-3.4319 -0.7498
-3.4567 -0.7626
-3.4822 -0.7756
-3.5082 -0.7890
-3.5349 -0.8026
-3.5622 -0.8166
-3.5901 -0.8309
-3.6188 -0.8456
-3.6482 -0.8606
-3.6783 -0.8761
-3.7093 -0.8919
-3.7410 -0.9081
-3.7737 -0.9248
